Workbook

Sheet data
C6: Experiment 1 - Tracker 1 - UWB 1 | F6: MQTT | N6: Matter | W6: Experiment 1 - Tracker 2- UWB 2 | Z6: MQTT | AH6: Matter | AQ6: Experiment 1 - Tracker 3 - UWB 3 | AT6: MQTT | BB6: Matter | BK6: Experiment 1 - Tracker 4 - UWB 4 | BN6: MQTT | BV6: Matter | CE6: Experiment 1 - Tracker 5 - BLE 1 | CH6: MQTT | CP6: Matter | CY6: Experiment 1 - Tracker 6 - BLE 2 | DB6: MQTT | DJ6: Matter | DS6: Experiment 1 - Tracker 7 - BLE 3 | DV6: MQTT | ED6: Matter | EM6: Experiment 1 - Tracker 8 - BLE 4 | EP6: MQTT | EX6: Matter
C7: Vol. | D7: Ground Truth Source | F7: A1 | G7: A2 | H7: A3 | I7: A4 | J7: A5 | K7: A6 | L7: A7 | M7: A8 | N7: A1 | O7: A2 | P7: A3 | Q7: A4 | R7: A5 | S7: A6 | T7: A7 | U7: A8 | W7: Vol. | X7: Ground Truth Source | Z7: A1 | AA7: A2 | AB7: A3 | AC7: A4 | AD7: A5 | AE7: A6 | AF7: A7 | AG7: A8 | AH7: A1 | AI7: A2 | AJ7: A3 | AK7: A4 | AL7: A5 | AM7: A6 | AN7: A7 | AO7: A8 | AQ7: Vol. | AR7: Ground Truth Source | AT7: A1 | AU7: A2 | AV7: A3 | AW7: A4 | AX7: A5 | AY7: A6 | AZ7: A7 | BA7: A8 | BB7: A1 | BC7: A2 | BD7: A3 | BE7: A4 | BF7: A5 | BG7: A6 | BH7: A7 | BI7: A8 | BK7: Vol. | BL7: Ground Truth Source | BN7: A1 | BO7: A2 | BP7: A3 | BQ7: A4 | BR7: A5 | BS7: A6 | BT7: A7 | BU7: A8 | BV7: A1 | BW7: A2 | BX7: A3 | BY7: A4 | BZ7: A5 | CA7: A6 | CB7: A7 | CC7: A8 | CE7: Vol. | CF7: Ground Truth Source | CH7: A1 | CI7: A2 | CJ7: A3 | CK7: A4 | CL7: A5 | CM7: A6 | CN7: A7 | CO7: A8 | CP7: A1 | CQ7: A2 | CR7: A3 | CS7: A4 | CT7: A5 | CU7: A6 | CV7: A7 | CW7: A8 | CY7: Vol. | CZ7: Ground Truth Source | DB7: A1 | DC7: A2 | DD7: A3 | DE7: A4 | DF7: A5 | DG7: A6 | DH7: A7 | DI7: A8 | DJ7: A1 | DK7: A2 | DL7: A3 | DM7: A4 | DN7: A5 | DO7: A6 | DP7: A7 | DQ7: A8 | DS7: Vol. | DT7: Ground Truth Source | DV7: A1 | DW7: A2 | DX7: A3 | DY7: A4 | DZ7: A5 | EA7: A6 | EB7: A7 | EC7: A8 | ED7: A1 | EE7: A2 | EF7: A3 | EG7: A4 | EH7: A5 | EI7: A6 | EJ7: A7 | EK7: A8 | EM7: Vol. | EN7: Ground Truth Source | EP7: A1 | EQ7: A2 | ER7: A3 | ES7: A4 | ET7: A5 | EU7: A6 | EV7: A7 | EW7: A8 | EX7: A1 | EY7: A2 | EZ7: A3 | FA7: A4 | FB7: A5 | FC7: A6 | FD7: A7 | FE7: A8
C8: 1 | D8: Mean unfiltered value | F8: 2.8996154 | G8: 4.2384 | H8: 5.0367308 | I8: 5.1010628 | J8: 4.0803865 | K8: 4.5046635 | L8: 1.7265686 | M8: 2.3231068 | N8: 2.8822 | O8: 4.289375 | P8: 5.1958 | Q8: 4.9467347 | R8: 4.0396 | S8: 4.5356 | T8: 1.7266 | U8: 2.2914 | W8: 1 | X8: Mean unfiltered value | Z8: 2.7501408 | AA8: 5.0811268 | AB8: 5.0657746 | AC8: 5.3908451 | AD8: 5.0266667 | AE8: 3.4778873 | AF8: 2.796 | AG8: 3.2876471 | AH8: 2.7088889 | AI8: 5.2342222 | AJ8: 5.0442222 | AK8: 5.3868889 | AL8: 5.218 | AM8: 3.4102222 | AN8: 2.7924444 | AO8: 3.2990909 | AQ8: 1 | AR8: Mean unfiltered value | AT8: 3.7551575 | AU8: 4.0550787 | AV8: 4.0126482 | AW8: 4.2034387 | AX8: 3.444664 | AY8: 2.9988189 | AZ8: 1.5999213 | BA8: 1.22932 | BB8: 3.7646 | BC8: 4.1638 | BD8: 4.1056 | BE8: 4.1536 | BF8: 3.3826 | BG8: 3.0268 | BH8: 1.6202 | BI8: 1.2238776 | BK8: 1 | BL8: Mean unfiltered value | BN8: 3.8551261 | BO8: 5.8413445 | BP8: 3.6062185 | BQ8: 4.9131356 | BR8: 5.2335897 | BS8: 1.8060504 | BT8: 3.4309244 | BU8: 3.1077011 | BV8: 3.838 | BW8: 5.9632727 | BX8: 3.612 | BY8: 5.0389091 | BZ8: 5.325283 | CA8: 1.814 | CB8: 3.3509091 | CC8: 3.187381 | CE8: 1 | CF8: Mean unfiltered value | CH8: 2.8744 | CI8: 1.2947917 | CJ8: 2.7509615 | CK8: 3.7483051 | CL8: 1.7544068 | CM8: 6.434375 | CN8: 1.0323729 | CO8: 2.2596 | CY8: 1 | CZ8: Mean unfiltered value | DB8: 0.59644068 | DC8: 3.0077966 | DD8: 0.41610169 | DE8: 1.8201695 | DF8: 5.6222034 | DG8: 2.1145763 | DH8: 0.67372881 | DI8: 1.5407143 | DJ8: 0.58666667 | DK8: 2.5053333 | DL8: 0.27533333 | DM8: 1.7426667 | DN8: 6.1833333 | DO8: 1.7593333 | DP8: 0.64866667 | DQ8: 1.4373333 | DS8: 1 | DT8: Mean unfiltered value | DV8: 12.188305 | DW8: 1.275 | DX8: 1.4925424 | DY8: 3.1598182 | DZ8: 1.7196552 | EA8: 2.4876271 | EB8: 0.24810345 | EC8: 0.27355932 | ED8: 12.318 | EE8: 1.15 | EF8: 1.247 | EG8: 3.226 | EH8: 1.71 | EI8: 2.677 | EJ8: 0.22222222 | EK8: 0.298 | EM8: 1 | EN8: Mean unfiltered value | EP8: 0.81851064 | EQ8: 1.3184746 | ER8: 0.14694915 | ES8: 2.027234 | ET8: 1.8788889 | EU8: 0.61881356 | EV8: 0.30745763 | EW8: 2.490678 | EX8: 0.81416667 | EY8: 1.3941667 | EZ8: 0.151 | FA8: 2.027234 | FB8: 1.8790909 | FC8: 0.6225 | FD8: 0.30866667 | FE8: 2.459
D9: Standard deviation | F9: 0.45088624 | G9: 0.66287742 | H9: 0.79596803 | I9: 1.2207613 | J9: 0.77704996 | K9: 0.93894374 | L9: 0.19275802 | M9: 0.3955978 | N9: 0.47963119 | O9: 0.54140639 | P9: 0.46422677 | Q9: 1.3693328 | R9: 0.81081707 | S9: 0.90124666 | T9: 0.221577 | U9: 0.29508221 | X9: Standard deviation | Z9: 0.42273089 | AA9: 1.2370363 | AB9: 0.49876608 | AC9: 1.237735 | AD9: 0.74212533 | AE9: 0.75597792 | AF9: 0.68180579 | AG9: 0.60097959 | AH9: 0.5304808 | AI9: 1.0337644 | AJ9: 0.57403635 | AK9: 1.331228 | AL9: 0.10495713 | AM9: 0.86341052 | AN9: 0.6875307 | AO9: 0.5939116 | AR9: Standard deviation | AT9: 0.61039786 | AU9: 0.72245177 | AV9: 0.60750245 | AW9: 0.54906742 | AX9: 0.60604395 | AY9: 0.49743073 | AZ9: 0.17557133 | BA9: 0.1258 | BB9: 0.57428289 | BC9: 0.59551621 | BD9: 0.34879312 | BE9: 0.74820254 | BF9: 0.70212196 | BG9: 0.44433519 | BH9: 0.083821 | BI9: 0.12972209 | BL9: Standard deviation | BN9: 0.87165328 | BO9: 0.866357 | BP9: 0.54601327 | BQ9: 0.89901247 | BR9: 0.69208762 | BS9: 0.20627536 | BT9: 0.87855717 | BU9: 0.52223514 | BV9: 1.0032971 | BW9: 0.54635671 | BX9: 0.51864298 | BY9: 0.80741489 | BZ9: 0.47046185 | CA9: 0.17447688 | CB9: 1.0125526 | CC9: 0.13746098 | CF9: Standard deviation | CH9: 2.7835172 | CI9: 0.62430213 | CJ9: 1.3581811 | CK9: 2.3801363 | CL9: 1.3535066 | CM9: 18.821901 | CN9: 0.40578293 | CO9: 0.95837745 | CZ9: Standard deviation | DB9: 0.20662946 | DC9: 1.5069609 | DD9: 0.71150646 | DE9: 0.63358991 | DF9: 6.4190554 | DG9: 1.3530187 | DH9: 0.079738761 | DI9: 1.0148316 | DJ9: 0.21164961 | DK9: 1.6478465 | DL9: 0.11557778 | DM9: 0.49494062 | DN9: 6.8096066 | DO9: 0.13968854 | DP9: 0.093156976 | DQ9: 0.73883211 | DT9: Standard deviation | DV9: 2.2317352 | DW9: 0.20813457 | DX9: 1.3823887 | DY9: 0.72508873 | DZ9: 0.24481261 | EA9: 0.6288011 | EB9: 0.17772892 | EC9: 0.15401257 | ED9: 0.744 | EE9: 0.2714406 | EF9: 0.68499708 | EG9: 0.668 | EH9: 0.24931907 | EI9: 0.50854793 | EJ9: 0.01987616 | EK9: 0.1980303 | EN9: Standard deviation | EP9: 0.076867439 | EQ9: 2.1886682 | ER9: 0.028481951 | ES9: 1.9938936 | ET9: 0.46142792 | EU9: 0.16958453 | EV9: 0.050020452 | EW9: 0.63831368 | EX9: 0.077131742 | EY9: 2.2631544 | EZ9: 0.036226142 | FA9: 1.9725679 | FB9: 0.45296306 | FC9: 0.16792483 | FD9: 0.049209304 | FE9: 0.64524078
D10: Mean filtered value | F10: 3 | G10: 4.39 | H10: 5.3 | I10: 5.46 | J10: 4.32 | K10: 4.79 | L10: 1.75 | M10: 2.27 | N10: 3.0019565 | O10: 4.3963043 | P10: 5.2955319 | Q10: 5.3625 | R10: 4.3236364 | S10: 4.8073333 | T10: 1.7577551 | U10: 2.2547727 | X10: Mean filtered value | Z10: 2.8377612 | AA10: 5.4406154 | AB10: 5.1660294 | AC10: 5.8579661 | AD10: 5.2675 | AE10: 3.7246032 | AF10: 3.0245161 | AG10: 3.4040351 | AH10: 2.837381 | AI10: 5.4569767 | AJ10: 5.1665116 | AK10: 5.8723684 | AL10: 5.145 | AM10: 3.6690244 | AN10: 3.01375 | AO10: 3.4257143 | AR10: Mean filtered value | AT10: 3.9142128 | AU10: 4.2569957 | AV10: 4.1589831 | AW10: 4.3022131 | AX10: 3.598178 | AY10: 3.1259402 | AZ10: 1.6292276 | BA10: 1.2435124 | BB10: 3.9180435 | BC10: 4.2722917 | BD10: 4.1553061 | BE10: 4.3054167 | BF10: 3.604 | BG10: 3.1255319 | BH10: 1.6318367 | BI10: 1.2387234 | BL10: Mean filtered value | BN10: 4.1203738 | BO10: 6.0938532 | BP10: 3.7511927 | BQ10: 5.1123762 | BR10: 5.3855455 | BS10: 1.8475439 | BT10: 3.7243396 | BU10: 3.1539744 | BV10: 4.1538 | BW10: 6.0915385 | BX10: 3.759 | BY10: 5.1698 | BZ10: 5.4377551 | CA10: 1.8477358 | CB10: 3.7258333 | CC10: 3.1673171 | CF10: Mean filtered value | CH10: 2.32125 | CI10: 1.1415556 | CJ10: 2.5597917 | CK10: 3.3131579 | CL10: 1.3932727 | CM10: 1.6913333 | CN10: 1.2609091 | CO10: 2.8852941 | CZ10: Mean filtered value | DB10: 0.53592593 | DC10: 3.8362791 | DD10: 0.32431034 | DE10: 1.6115094 | DF10: 2.266087 | DG10: 1.8057143 | DH10: 0.69 | DI10: 1.1956 | DJ10: 0.53071429 | DK10: 3.56 | DL10: 0.35888889 | DM10: 1.6128571 | DN10: 2.0936364 | DO10: 1.89 | DP10: 0.67923077 | DQ10: 1.2414286 | DT10: Mean filtered value | DV10: 12.260769 | DW10: 1.3477778 | DX10: 1.3315517 | DY10: 3.4609524 | DZ10: 1.7966667 | EA10: 2.4093878 | EB10: 0.21517857 | EC10: 0.21122449 | ED10: 12.69 | EE10: 1.37 | EF10: 1.69 | EG10: 3.56 | EH10: 1.82 | EI10: 2.45625 | EJ10: 0.24 | EK10: 0.23666667 | EN10: Mean filtered value | EP10: 0.85 | EQ10: 0.59754717 | ER10: 0.14735849 | ES10: 1.5354545 | ET10: 2.0578261 | EU10: 0.70023256 | EV10: 0.29704545 | EW10: 2.2176596 | EX10: 0.85 | EY10: 0.58132075 | EZ10: 0.14777778 | FA10: 1.5354545 | FB10: 2.0542553 | FC10: 0.70340909 | FD10: 0.29888889 | FE10: 2.1959574
D11: Laser | E11: Ground Truth | F11: 3.04 | G11: 4.01 | H11: 5.24 | I11: 5.77 | J11: 4.19 | K11: 4.38 | L11: 1.55 | M11: 2.41 | N11: 3.04 | O11: 4.01 | P11: 5.24 | Q11: 5.77 | R11: 4.19 | S11: 4.38 | T11: 1.55 | U11: 2.41 | X11: Laser | Y11: Ground Truth | Z11: 2.88 | AA11: 5.31 | AB11: 5.04 | AC11: 6.21 | AD11: 5.29 | AE11: 3.65 | AF11: 2.85 | AG11: 3.06 | AH11: 2.88 | AI11: 5.31 | AJ11: 5.04 | AK11: 6.21 | AL11: 5.29 | AM11: 3.65 | AN11: 2.85 | AO11: 3.06 | AR11: Laser | AS11: Ground Truth | AT11: 3.88 | AU11: 4.23 | AV11: 3.88 | AW11: 4.43 | AX11: 3.58 | AY11: 3.17 | AZ11: 1.72 | BA11: 1.14 | BB11: 3.88 | BC11: 4.23 | BD11: 3.88 | BE11: 4.43 | BF11: 3.58 | BG11: 3.17 | BH11: 1.72 | BI11: 1.14 | BL11: Laser | BM11: Ground Truth | BN11: 4.2 | BO11: 6.08 | BP11: 3.62 | BQ11: 5.36 | BR11: 5.44 | BS11: 1.82 | BT11: 3.76 | BU11: 2.87 | BV11: 4.2 | BW11: 6.08 | BX11: 3.62 | BY11: 5.36 | BZ11: 5.44 | CA11: 1.82 | CB11: 3.76 | CC11: 2.87 | CF11: Laser | CG11: Ground Truth | CH11: 3.04 | CI11: 4.01 | CJ11: 5.24 | CK11: 5.77 | CL11: 4.19 | CM11: 4.38 | CN11: 1.55 | CO11: 2.41 | CZ11: Laser | DA11: Ground Truth | DB11: 2.88 | DC11: 5.31 | DD11: 5.04 | DE11: 6.21 | DF11: 5.29 | DG11: 3.65 | DH11: 2.85 | DI11: 3.06 | DJ11: 2.88 | DK11: 5.31 | DL11: 5.04 | DM11: 6.21 | DN11: 5.29 | DO11: 3.65 | DP11: 2.85 | DQ11: 3.06 | DT11: Laser | DU11: Ground Truth | DV11: 3.88 | DW11: 4.23 | DX11: 3.88 | DY11: 4.43 | DZ11: 3.58 | EA11: 3.17 | EB11: 1.72 | EC11: 1.14 | ED11: 3.88 | EE11: 4.23 | EF11: 3.88 | EG11: 4.43 | EH11: 3.58 | EI11: 3.17 | EJ11: 1.72 | EK11: 1.14 | EN11: Laser | EO11: Ground Truth | EP11: 4.2 | EQ11: 6.08 | ER11: 3.62 | ES11: 5.36 | ET11: 5.44 | EU11: 1.82 | EV11: 3.76 | EW11: 2.87 | EX11: 4.2 | EY11: 6.08 | EZ11: 3.62 | FA11: 5.36 | FB11: 5.44 | FC11: 1.82 | FD11: 3.76 | FE11: 2.87
E12: Error [m] | F12: 0.04 | G12: -0.38 | H12: -0.06 | I12: 0.31 | J12: -0.13 | K12: -0.41 | L12: -0.2 | M12: 0.14 | N12: 0.038043478 | O12: -0.38630435 | P12: -0.055531915 | Q12: 0.4075 | R12: -0.13363636 | S12: -0.42733333 | T12: -0.2077551 | U12: 0.15522727 | Y12: Error [m] | Z12: 0.042238806 | AA12: -0.13061538 | AB12: -0.12602941 | AC12: 0.3520339 | AD12: 0.0225 | AE12: -0.074603175 | AF12: -0.17451613 | AG12: -0.34403509 | AH12: 0.042619048 | AI12: -0.14697674 | AJ12: -0.12651163 | AK12: 0.33763158 | AL12: 0.145 | AM12: -0.01902439 | AN12: -0.16375 | AO12: -0.36571429 | AS12: Error [m] | AT12: -0.034212766 | AU12: -0.026995708 | AV12: -0.27898305 | AW12: 0.12778689 | AX12: -0.018177966 | AY12: 0.044059829 | AZ12: 0.090772358 | BA12: -0.1035124 | BB12: -0.038043478 | BC12: -0.042291667 | BD12: -0.27530612 | BE12: 0.12458333 | BF12: -0.024 | BG12: 0.044468085 | BH12: 0.088163265 | BI12: -0.098723404 | BM12: Error [m] | BN12: 0.079626168 | BO12: -0.013853211 | BP12: -0.13119266 | BQ12: 0.24762376 | BR12: 0.054454545 | BS12: -0.02754386 | BT12: 0.035660377 | BU12: -0.28397436 | BV12: 0.0462 | BW12: -0.011538462 | BX12: -0.139 | BY12: 0.1902 | BZ12: 0.002244898 | CA12: -0.027735849 | CB12: 0.034166667 | CC12: -0.29731707 | CG12: Error [m] | CH12: 0.71875 | CI12: 2.8684444 | CJ12: 2.6802083 | CK12: 2.4568421 | CL12: 2.7967273 | CM12: 2.6886667 | CN12: 0.28909091 | CO12: -0.47529412 | DA12: Error [m] | DB12: 2.3440741 | DC12: 1.4737209 | DD12: 4.7156897 | DE12: 4.5984906 | DF12: 3.023913 | DG12: 1.8442857 | DH12: 2.16 | DI12: 1.8644 | DJ12: 2.3492857 | DK12: 1.75 | DL12: 4.6811111 | DM12: 4.5971429 | DN12: 3.1963636 | DO12: 1.76 | DP12: 2.1707692 | DQ12: 1.8185714 | DU12: Error [m] | DV12: -8.3807692 | DW12: 2.8822222 | DX12: 2.5484483 | DY12: 0.96904762 | DZ12: 1.7833333 | EA12: 0.76061224 | EB12: 1.5048214 | EC12: 0.92877551 | ED12: -8.81 | EE12: 2.86 | EF12: 2.19 | EG12: 0.87 | EH12: 1.76 | EI12: 0.71375 | EJ12: 1.48 | EK12: 0.90333333 | EO12: Error [m] | EP12: 3.35 | EQ12: 5.4824528 | ER12: 3.4726415 | ES12: 3.8245455 | ET12: 3.3821739 | EU12: 1.1197674 | EV12: 3.4629545 | EW12: 0.65234043 | EX12: 3.35 | EY12: 5.4986792 | EZ12: 3.4722222 | FA12: 3.8245455 | FB12: 3.3857447 | FC12: 1.1165909 | FD12: 3.4611111 | FE12: 0.67404255
E13: Error [%] | F13: 1.35 | G13: -8.69 | H13: -1.08 | I13: 5.61 | J13: -3.07 | K13: -8.65 | L13: -11.58 | M13: 6.08 | N13: 1.2672894 | O13: -8.7870247 | P13: -1.048656 | Q13: 7.5990676 | R13: -3.0908326 | S13: -8.8891971 | T13: -11.819343 | U13: 6.8843867 | Y13: Error [%] | Z13: 1.4884553 | AA13: -2.4007465 | AB13: -2.4395798 | AC13: 6.0094902 | AD13: 0.4271476 | AE13: -2.0029832 | AF13: -5.7700512 | AG13: -10.106685 | AH13: 1.5020559 | AI13: -2.6933731 | AJ13: -2.4486856 | AK13: 5.7494959 | AL13: 2.8182702 | AM13: -0.51851359 | AN13: -5.4334301 | AO13: -10.675563 | AS13: Error [%] | AT13: -0.87406505 | AU13: -0.63414929 | AV13: -6.7079632 | AW13: 2.9702593 | AX13: -0.50519919 | AY13: 1.4094905 | AZ13: 5.5714963 | BA13: -8.324195 | BB13: -0.97098152 | BC13: -0.98990589 | BD13: -6.6254113 | BE13: 2.8936417 | BF13: -0.66592675 | BG13: 1.4227366 | BH13: 5.4027014 | BI13: -7.9697698 | BM13: Error [%] | BN13: 1.9324986 | BO13: -0.22733089 | BP13: -3.4973586 | BQ13: 4.8436138 | BR13: 1.0111241 | BS13: -1.4908366 | BT13: 0.95749531 | BU13: -9.003699 | BV13: 1.1122346 | BW13: -0.18941786 | BX13: -3.697792 | BY13: 3.6790592 | BZ13: 0.041283543 | CA13: -1.5010722 | CB13: 0.9170208 | CC13: -9.3870322 | CG13: Error [%] | CH13: 30.96392 | CI13: 251.27506 | CJ13: 104.70416 | CK13: 74.154091 | CL13: 200.73078 | CM13: 158.96728 | CN13: 22.927181 | CO13: -16.472987 | DA13: Error [%] | DB13: 437.3877 | DC13: 38.415373 | DD13: 1454.067 | DE13: 285.353 | DF13: 133.44206 | DG13: 102.13608 | DH13: 313.04348 | DI13: 155.93844 | DJ13: 442.66487 | DK13: 49.157303 | DL13: 1304.3344 | DM13: 285.031 | DN13: 152.67043 | DO13: 93.121693 | DP13: 319.5923 | DQ13: 146.49022 | DU13: Error [%] | DV13: -68.354351 | DW13: 213.84996 | DX13: 191.38936 | DY13: 27.99945 | DZ13: 99.257885 | EA13: 31.568694 | EB13: 699.3361 | EC13: 439.71014 | ED13: -69.424744 | EE13: 208.75912 | EF13: 129.5858 | EG13: 24.438202 | EH13: 96.703297 | EI13: 29.058524 | EJ13: 616.66667 | EK13: 381.69014 | EO13: Error [%] | EP13: 394.11765 | EQ13: 917.4929 | ER13: 2356.5941 | ES13: 249.0823 | ET13: 164.35664 | EU13: 159.91365 | EV13: 1165.7995 | EW13: 29.415715 | EX13: 394.11765 | EY13: 945.89419 | EZ13: 2349.6241 | FA13: 249.0823 | FB13: 164.81616 | FC13: 158.7399 | FD13: 1157.9926 | FE13: 30.6947
D14: 3D Walk | E14: Ground Truth | F14: 2.99 | G14: 4.18 | H14: 5.28 | I14: 5.69 | J14: 4.22 | K14: 4.39 | L14: 1.62 | M14: 2.44 | N14: 2.99 | O14: 4.18 | P14: 5.28 | Q14: 5.69 | R14: 4.22 | S14: 4.39 | T14: 1.62 | U14: 2.44 | X14: 3D Walk | Y14: Ground Truth | Z14: 2.84 | AA14: 5.41 | AB14: 5.1 | AC14: 6.17 | AD14: 5.33 | AE14: 3.65 | AF14: 2.94 | AG14: 3.12 | AH14: 2.84 | AI14: 5.41 | AJ14: 5.1 | AK14: 6.17 | AL14: 5.33 | AM14: 3.65 | AN14: 2.94 | AO14: 3.12 | AR14: 3D Walk | AS14: Ground Truth | AT14: 3.86 | AU14: 4.24 | AV14: 3.37 | AW14: 4.38 | AX14: 3.57 | AY14: 3.19 | AZ14: 1.74 | BA14: 1.12 | BB14: 3.86 | BC14: 4.24 | BD14: 3.37 | BE14: 4.38 | BF14: 3.57 | BG14: 3.19 | BH14: 1.74 | BI14: 1.12 | BL14: 3D Walk | BM14: Ground Truth | BN14: 4.14 | BO14: 6.08 | BP14: 3.66 | BQ14: 5.32 | BR14: 5.44 | BS14: 1.83 | BT14: 3.76 | BU14: 2.91 | BV14: 4.14 | BW14: 6.08 | BX14: 3.66 | BY14: 5.32 | BZ14: 5.44 | CA14: 1.83 | CB14: 3.76 | CC14: 2.91 | CF14: 3D Walk | CG14: Ground Truth | CH14: 2.99 | CI14: 4.18 | CJ14: 5.28 | CK14: 5.69 | CL14: 4.22 | CM14: 4.39 | CN14: 1.62 | CO14: 2.44 | CZ14: 3D Walk | DA14: Ground Truth | DB14: 2.84 | DC14: 5.41 | DD14: 5.1 | DE14: 6.17 | DF14: 5.33 | DG14: 3.65 | DH14: 2.94 | DI14: 3.12 | DJ14: 2.84 | DK14: 5.41 | DL14: 5.1 | DM14: 6.17 | DN14: 5.33 | DO14: 3.65 | DP14: 2.94 | DQ14: 3.12 | DT14: 3D Walk | DU14: Ground Truth | DV14: 3.86 | DW14: 4.24 | DX14: 3.37 | DY14: 4.38 | DZ14: 3.57 | EA14: 3.19 | EB14: 1.74 | EC14: 1.12 | ED14: 3.86 | EE14: 4.24 | EF14: 3.37 | EG14: 4.38 | EH14: 3.57 | EI14: 3.19 | EJ14: 1.74 | EK14: 1.12 | EN14: 3D Walk | EO14: Ground Truth | EP14: 4.14 | EQ14: 6.08 | ER14: 3.66 | ES14: 5.32 | ET14: 5.44 | EU14: 1.83 | EV14: 3.76 | EW14: 2.91 | EX14: 4.14 | EY14: 6.08 | EZ14: 3.66 | FA14: 5.32 | FB14: 5.44 | FC14: 1.83 | FD14: 3.76 | FE14: 2.91
E15: Error [m] | F15: -0.01 | G15: -0.21 | H15: -0.02 | I15: 0.23 | J15: -0.1 | K15: -0.4 | L15: -0.13 | M15: 0.17 | N15: -0.011956522 | O15: -0.21630435 | P15: -0.015531915 | Q15: 0.3275 | R15: -0.10363636 | S15: -0.41733333 | T15: -0.1377551 | U15: 0.18522727 | Y15: Error [m] | Z15: 0.002238806 | AA15: -0.030615385 | AB15: -0.066029412 | AC15: 0.3120339 | AD15: 0.0625 | AE15: -0.074603175 | AF15: -0.084516129 | AG15: -0.28403509 | AH15: 0.0026190476 | AI15: -0.046976744 | AJ15: -0.066511628 | AK15: 0.29763158 | AL15: 0.185 | AM15: -0.01902439 | AN15: -0.07375 | AO15: -0.30571429 | AS15: Error [m] | AT15: -0.054212766 | AU15: -0.016995708 | AV15: -0.78898305 | AW15: 0.077786885 | AX15: -0.028177966 | AY15: 0.064059829 | AZ15: 0.11077236 | BA15: -0.1235124 | BB15: -0.058043478 | BC15: -0.032291667 | BD15: -0.78530612 | BE15: 0.074583333 | BF15: -0.034 | BG15: 0.064468085 | BH15: 0.10816327 | BI15: -0.1187234 | BM15: Error [m] | BN15: 0.019626168 | BO15: -0.013853211 | BP15: -0.091192661 | BQ15: 0.20762376 | BR15: 0.054454545 | BS15: -0.01754386 | BT15: 0.035660377 | BU15: -0.24397436 | BV15: -0.0138 | BW15: -0.011538462 | BX15: -0.099 | BY15: 0.1502 | BZ15: 0.002244898 | CA15: -0.017735849 | CB15: 0.034166667 | CC15: -0.25731707 | CG15: Error [m] | CH15: 0.66875 | CI15: 3.0384444 | CJ15: 2.7202083 | CK15: 2.3768421 | CL15: 2.8267273 | CM15: 2.6986667 | CN15: 0.35909091 | CO15: -0.44529412 | DA15: Error [m] | DB15: 2.3040741 | DC15: 1.5737209 | DD15: 4.7756897 | DE15: 4.5584906 | DF15: 3.063913 | DG15: 1.8442857 | DH15: 2.25 | DI15: 1.9244 | DJ15: 2.3092857 | DK15: 1.85 | DL15: 4.7411111 | DM15: 4.5571429 | DN15: 3.2363636 | DO15: 1.76 | DP15: 2.2607692 | DQ15: 1.8785714 | DU15: Error [m] | DV15: -8.4007692 | DW15: 2.8922222 | DX15: 2.0384483 | DY15: 0.91904762 | DZ15: 1.7733333 | EA15: 0.78061224 | EB15: 1.5248214 | EC15: 0.90877551 | ED15: -8.83 | EE15: 2.87 | EF15: 1.68 | EG15: 0.82 | EH15: 1.75 | EI15: 0.73375 | EJ15: 1.5 | EK15: 0.88333333 | EO15: Error [m] | EP15: 3.29 | EQ15: 5.4824528 | ER15: 3.5126415 | ES15: 3.7845455 | ET15: 3.3821739 | EU15: 1.1297674 | EV15: 3.4629545 | EW15: 0.69234043 | EX15: 3.29 | EY15: 5.4986792 | EZ15: 3.5122222 | FA15: 3.7845455 | FB15: 3.3857447 | FC15: 1.1265909 | FD15: 3.4611111 | FE15: 0.71404255
E16: Error [%] | F16: -0.32 | G16: -4.82 | H16: -0.33 | I16: 4.15 | J16: -2.37 | K16: -8.44 | L16: -7.59 | M16: 7.4 | N16: -0.39829097 | O16: -4.9201404 | P16: -0.29330226 | Q16: 6.1072261 | R16: -2.3969722 | S16: -8.6811815 | T16: -7.8369906 | U16: 8.2148977 | Y16: Error [%] | Z16: 0.078893389 | AA16: -0.56271915 | AB16: -1.2781463 | AC16: 5.3266593 | AD16: 1.1865211 | AE16: -2.0029832 | AF16: -2.7943686 | AG16: -8.3440705 | AH16: 0.09230511 | AI16: -0.86085659 | AJ16: -1.2873605 | AK16: 5.0683397 | AL16: 3.595724 | AM16: -0.51851359 | AN16: -2.4471174 | AO16: -8.9241034 | AS16: Error [%] | AT16: -1.3850235 | AU16: -0.39924184 | AV16: -18.970576 | AW16: 1.8080668 | AX16: -0.78311763 | AY16: 2.049298 | AZ16: 6.7990718 | BA16: -9.9325425 | BB16: -1.4814404 | BC16: -0.75583947 | BD16: -18.898875 | BE16: 1.7323139 | BF16: -0.94339623 | BG16: 2.0626276 | BH16: 6.6283142 | BI16: -9.5843353 | BM16: Error [%] | BN16: 0.47632009 | BO16: -0.22733089 | BP16: -2.4310311 | BQ16: 4.0611988 | BR16: 1.0111241 | BS16: -0.94957744 | BT16: 0.95749531 | BU16: -7.7354579 | BV16: -0.33222591 | BW16: -0.18941786 | BX16: -2.6336792 | BY16: 2.9053348 | BZ16: 0.041283543 | CA16: -0.95986929 | CB16: 0.9170208 | CC16: -8.1241337 | CG16: Error [%] | CH16: 28.809908 | CI16: 266.16702 | CJ16: 106.26679 | CK16: 71.739476 | CL16: 202.88399 | CM16: 159.55853 | CN16: 28.478731 | CO16: -15.433231 | DA16: Error [%] | DB16: 429.92398 | DC16: 41.022066 | DD16: 1472.5678 | DE16: 282.87086 | DF16: 135.20721 | DG16: 102.13608 | DH16: 326.08696 | DI16: 160.95684 | DJ16: 435.12786 | DK16: 51.966292 | DL16: 1321.0526 | DM16: 282.55093 | DN16: 154.58098 | DO16: 93.121693 | DP16: 332.84258 | DQ16: 151.32336 | DU16: Error [%] | DV16: -68.517473 | DW16: 214.59192 | DX16: 153.08818 | DY16: 26.554761 | DZ16: 98.701299 | EA16: 32.39878 | EB16: 708.63071 | EC16: 430.24155 | ED16: -69.582348 | EE16: 209.48905 | EF16: 99.408284 | EG16: 23.033708 | EH16: 96.153846 | EI16: 29.872774 | EJ16: 625 | EK16: 373.23944 | EO16: Error [%] | EP16: 387.05882 | EQ16: 917.4929 | ER16: 2383.7388 | ES16: 246.47721 | ET16: 164.35664 | EU16: 161.34175 | EV16: 1165.7995 | EW16: 31.219419 | EX16: 387.05882 | EY16: 945.89419 | EZ16: 2376.6917 | FA16: 246.47721 | FB16: 164.81616 | FC16: 160.16155 | FD16: 1157.9926 | FE16: 32.516229
D17: 3D Model | E17: Ground Truth | F17: 2.99 | G17: 4.19 | H17: 5.3 | I17: 5.73 | J17: 4.24 | K17: 4.45 | L17: 1.61 | M17: 2.42 | N17: 2.99 | O17: 4.19 | P17: 5.3 | Q17: 5.73 | R17: 4.24 | S17: 4.45 | T17: 1.61 | U17: 2.42 | X17: 3D Model | Y17: Ground Truth | Z17: 2.88 | AA17: 5.38 | AB17: 5.1 | AC17: 6.21 | AD17: 5.33 | AE17: 3.71 | AF17: 2.87 | AG17: 3.05 | AH17: 2.88 | AI17: 5.38 | AJ17: 5.1 | AK17: 6.21 | AL17: 5.33 | AM17: 3.71 | AN17: 2.87 | AO17: 3.05 | AR17: 3D Model | AS17: Ground Truth | AT17: 3.83 | AU17: 4.29 | AV17: 3.95 | AW17: 4.43 | AX17: 3.64 | AY17: 3.23 | AZ17: 1.7 | BA17: 1.13 | BB17: 3.83 | BC17: 4.29 | BD17: 3.95 | BE17: 4.43 | BF17: 3.64 | BG17: 3.23 | BH17: 1.7 | BI17: 1.13 | BL17: 3D Model | BM17: Ground Truth | BN17: 4.19 | BO17: 6.13 | BP17: 3.69 | BQ17: 5.35 | BR17: 5.49 | BS17: 1.85 | BT17: 3.72 | BU17: 2.9 | BV17: 4.19 | BW17: 6.13 | BX17: 3.69 | BY17: 5.35 | BZ17: 5.49 | CA17: 1.85 | CB17: 3.72 | CC17: 2.9 | CF17: 3D Model | CG17: Ground Truth | CH17: 2.99 | CI17: 4.19 | CJ17: 5.3 | CK17: 5.73 | CL17: 4.24 | CM17: 4.45 | CN17: 1.61 | CO17: 2.42 | CZ17: 3D Model | DA17: Ground Truth | DB17: 2.88 | DC17: 5.38 | DD17: 5.1 | DE17: 6.21 | DF17: 5.33 | DG17: 3.71 | DH17: 2.87 | DI17: 3.05 | DJ17: 2.88 | DK17: 5.38 | DL17: 5.1 | DM17: 6.21 | DN17: 5.33 | DO17: 3.71 | DP17: 2.87 | DQ17: 3.05 | DT17: 3D Model | DU17: Ground Truth | DV17: 3.83 | DW17: 4.29 | DX17: 3.95 | DY17: 4.43 | DZ17: 3.64 | EA17: 3.23 | EB17: 1.7 | EC17: 1.13 | ED17: 3.83 | EE17: 4.29 | EF17: 3.95 | EG17: 4.43 | EH17: 3.64 | EI17: 3.23 | EJ17: 1.7 | EK17: 1.13 | EN17: 3D Model | EO17: Ground Truth | EP17: 4.19 | EQ17: 6.13 | ER17: 3.69 | ES17: 5.35 | ET17: 5.49 | EU17: 1.85 | EV17: 3.72 | EW17: 2.9 | EX17: 4.19 | EY17: 6.13 | EZ17: 3.69 | FA17: 5.35 | FB17: 5.49 | FC17: 1.85 | FD17: 3.72 | FE17: 2.9
E18: Error [m] | F18: -0.01 | G18: -0.2 | H18: 0 | I18: 0.27 | J18: -0.08 | K18: -0.34 | L18: -0.14 | M18: 0.15 | N18: -0.011956522 | O18: -0.20630435 | P18: 0.0044680851 | Q18: 0.3675 | R18: -0.083636364 | S18: -0.35733333 | T18: -0.1477551 | U18: 0.16522727 | Y18: Error [m] | Z18: 0.042238806 | AA18: -0.060615385 | AB18: -0.066029412 | AC18: 0.3520339 | AD18: 0.0625 | AE18: -0.014603175 | AF18: -0.15451613 | AG18: -0.35403509 | AH18: 0.042619048 | AI18: -0.076976744 | AJ18: -0.066511628 | AK18: 0.33763158 | AL18: 0.185 | AM18: 0.04097561 | AN18: -0.14375 | AO18: -0.37571429 | AS18: Error [m] | AT18: -0.084212766 | AU18: 0.033004292 | AV18: -0.20898305 | AW18: 0.12778689 | AX18: 0.041822034 | AY18: 0.10405983 | AZ18: 0.070772358 | BA18: -0.1135124 | BB18: -0.088043478 | BC18: 0.017708333 | BD18: -0.20530612 | BE18: 0.12458333 | BF18: 0.036 | BG18: 0.10446809 | BH18: 0.068163265 | BI18: -0.1087234 | BM18: Error [m] | BN18: 0.069626168 | BO18: 0.036146789 | BP18: -0.061192661 | BQ18: 0.23762376 | BR18: 0.10445455 | BS18: 0.0024561404 | BT18: -0.0043396226 | BU18: -0.25397436 | BV18: 0.0362 | BW18: 0.038461538 | BX18: -0.069 | BY18: 0.1802 | BZ18: 0.052244898 | CA18: 0.0022641509 | CB18: -0.0058333333 | CC18: -0.26731707 | CG18: Error [m] | CH18: 0.66875 | CI18: 3.0484444 | CJ18: 2.7402083 | CK18: 2.4168421 | CL18: 2.8467273 | CM18: 2.7586667 | CN18: 0.34909091 | CO18: -0.46529412 | DA18: Error [m] | DB18: 2.3440741 | DC18: 1.5437209 | DD18: 4.7756897 | DE18: 4.5984906 | DF18: 3.063913 | DG18: 1.9042857 | DH18: 2.18 | DI18: 1.8544 | DJ18: 2.3492857 | DK18: 1.82 | DL18: 4.7411111 | DM18: 4.5971429 | DN18: 3.2363636 | DO18: 1.82 | DP18: 2.1907692 | DQ18: 1.8085714 | DU18: Error [m] | DV18: -8.4307692 | DW18: 2.9422222 | DX18: 2.6184483 | DY18: 0.96904762 | DZ18: 1.8433333 | EA18: 0.82061224 | EB18: 1.4848214 | EC18: 0.91877551 | ED18: -8.86 | EE18: 2.92 | EF18: 2.26 | EG18: 0.87 | EH18: 1.82 | EI18: 0.77375 | EJ18: 1.46 | EK18: 0.89333333 | EO18: Error [m] | EP18: 3.34 | EQ18: 5.5324528 | ER18: 3.5426415 | ES18: 3.8145455 | ET18: 3.4321739 | EU18: 1.1497674 | EV18: 3.4229545 | EW18: 0.68234043 | EX18: 3.34 | EY18: 5.5486792 | EZ18: 3.5422222 | FA18: 3.8145455 | FB18: 3.4357447 | FC18: 1.1465909 | FD18: 3.4211111 | FE18: 0.70404255
E19: Error [%] | F19: -0.32 | G19: -4.59 | H19: 0.05 | I19: 4.88 | J19: -1.91 | K19: -7.19 | L19: -8.16 | M19: 6.52 | N19: -0.39829097 | O19: -4.6926767 | P19: 0.084374623 | Q19: 6.8531469 | R19: -1.9343987 | S19: -7.4330883 | T19: -8.4058981 | U19: 7.3278903 | Y19: Error [%] | Z19: 1.4884553 | AA19: -1.1141274 | AB19: -1.2781463 | AC19: 6.0094902 | AD19: 1.1865211 | AE19: -0.3920733 | AF19: -5.1087884 | AG19: -10.400454 | AH19: 1.5020559 | AI19: -1.4106115 | AJ19: -1.2873605 | AK19: 5.7494959 | AL19: 3.595724 | AM19: 1.1167985 | AN19: -4.7698051 | AO19: -10.967473 | AS19: Error [%] | AT19: -2.1514611 | AU19: 0.7752954 | AV19: -5.0248594 | AW19: 2.9702593 | AX19: 1.1623114 | AY19: 3.328913 | AZ19: 4.3439208 | BA19: -9.1283687 | BB19: -2.2471287 | BC19: 0.41449261 | BD19: -4.9408182 | BE19: 2.8936417 | BF19: 0.99889012 | BG19: 3.3424098 | BH19: 4.1770885 | BI19: -8.7770526 | BM19: Error [%] | BN19: 1.6898022 | BO19: 0.59316803 | BP19: -1.6312855 | BQ19: 4.6480101 | BR19: 1.9395351 | BS19: 0.13294084 | BT19: -0.11652059 | BU19: -8.0525182 | BV19: 0.87149116 | BW19: 0.63139285 | BX19: -1.8355946 | BY19: 3.4856281 | BZ19: 0.96078063 | CA19: 0.12253651 | CB19: -0.15656453 | CC19: -8.4398583 | CG19: Error [%] | CH19: 28.809908 | CI19: 267.04302 | CJ19: 107.0481 | CK19: 72.946783 | CL19: 204.31946 | CM19: 163.10603 | CN19: 27.685652 | CO19: -16.126402 | DA19: Error [%] | DB19: 437.3877 | DC19: 40.240058 | DD19: 1472.5678 | DE19: 285.353 | DF19: 135.20721 | DG19: 105.45886 | DH19: 315.94203 | DI19: 155.10204 | DJ19: 442.66487 | DK19: 51.123596 | DL19: 1321.0526 | DM19: 285.031 | DN19: 154.58098 | DO19: 96.296296 | DP19: 322.53681 | DQ19: 145.6847 | DU19: Error [%] | DV19: -68.762156 | DW19: 218.30173 | DX19: 196.64638 | DY19: 27.99945 | DZ19: 102.5974 | EA19: 34.058953 | EB19: 690.04149 | EC19: 434.97585 | ED19: -69.818755 | EE19: 213.13869 | EF19: 133.72781 | EG19: 24.438202 | EH19: 100 | EI19: 31.501272 | EJ19: 608.33333 | EK19: 377.46479 | EO19: Error [%] | EP19: 392.94118 | EQ19: 925.86044 | ER19: 2404.0973 | ES19: 248.43102 | ET19: 166.78639 | EU19: 164.19794 | EV19: 1152.3336 | EW19: 30.768493 | EX19: 392.94118 | EY19: 954.49529 | EZ19: 2396.9925 | FA19: 248.43102 | FB19: 167.25013 | FC19: 163.00485 | FD19: 1144.6097 | FE19: 32.060847
C20: 2 | D20: Mean unfiltered value | F20: 2.9588571 | G20: 4.3125309 | H20: 5.0741954 | I20: 5.094375 | J20: 4.228125 | K20: 4.4652273 | L20: 1.7498851 | M20: 2.2560227 | N20: 2.8634091 | O20: 4.3536585 | P20: 5.0059091 | Q20: 4.9744444 | R20: 4.0955556 | S20: 4.3077778 | T20: 1.7532558 | U20: 2.2702222 | W20: 2 | X20: Mean unfiltered value | Z20: 2.7745833 | AA20: 5.3409722 | AB20: 4.9484848 | AC20: 5.3477778 | AD20: 4.9492308 | AE20: 3.5276389 | AF20: 2.8105556 | AG20: 3.3192647 | AH20: 2.77 | AI20: 5.3922222 | AJ20: 4.8702381 | AK20: 5.3264444 | AL20: 4.586 | AM20: 3.5191111 | AN20: 2.7386667 | AO20: 3.3268293 | AQ20: 2 | AR20: Mean unfiltered value | AT20: 3.7704167 | AU20: 3.9838636 | AV20: 3.9887879 | AW20: 4.1714559 | AX20: 3.3225 | AY20: 3.0324715 | AZ20: 1.5715152 | BA20: 1.2284351 | BB20: 3.7566 | BC20: 3.7964 | BD20: 3.993 | BE20: 4.1602083 | BF20: 3.2242 | BG20: 3.0856 | BH20: 1.5656 | BI20: 1.2342 | BK20: 2 | BL20: Mean unfiltered value | BN20: 4.0042017 | BO20: 5.9033913 | BP20: 3.6985714 | BQ20: 4.8133051 | BR20: 5.0250847 | BS20: 1.8402521 | BT20: 3.6768908 | BU20: 3.0604255 | BV20: 4.0416 | BW20: 5.8229167 | BX20: 3.6996 | BY20: 4.7832653 | BZ20: 4.935102 | CA20: 1.846 | CB20: 3.7338 | CC20: 2.9737143 | CE20: 2 | CF20: Mean unfiltered value | CH20: 3.6758491 | CI20: 1.2244737 | CJ20: 3.0998077 | CK20: 3.9335593 | CL20: 1.5937931 | CM20: 8.075 | CN20: 1.0561404 | CO20: 3.4342857 | CP20: 3.2601852 | CQ20: 1.2107895 | CR20: 3.0053846 | CS20: 3.9521667 | CT20: 1.59 | CU20: 7.1284314 | CV20: 1.07 | CW20: 3.525 | CY20: 2 | CZ20: Mean unfiltered value | DB20: 0.55155172 | DC20: 3.2267797 | DD20: 0.4059322 | DE20: 1.8638983 | DF20: 5.1486441 | DG20: 2.249322 | DH20: 0.67711864 | DI20: 1.38 | DJ20: 0.55530612 | DK20: 3.2304 | DL20: 0.4184 | DM20: 1.8706 | DN20: 5.6768 | DO20: 2.2054 | DP20: 0.6742 | DQ20: 1.4078261 | DS20: 2 | DT20: Mean unfiltered value | DV20: 12.484915 | DW20: 1.3778571 | DX20: 1.6754237 | DY20: 3.1871429 | DZ20: 1.6886441 | EA20: 2.65 | EB20: 0.22050847 | EC20: 0.33186441 | ED20: 12.6406 | EE20: 1.3726087 | EF20: 1.6712 | EG20: 3.1044681 | EH20: 1.678 | EI20: 2.6764 | EJ20: 0.217 | EK20: 0.3362 | EM20: 2 | EN20: Mean unfiltered value | EP20: 0.82153846 | EQ20: 1.1481356 | ER20: 0.14932203 | ES20: 2.1712 | ET20: 1.8248148 | EU20: 0.61508475 | EV20: 0.30949153 | EW20: 2.4864407 | EX20: 0.81814815 | EY20: 1.1245 | EZ20: 0.14933333 | FA20: 2.2538 | FB20: 1.8616364 | FC20: 0.61966667 | FD20: 0.30933333 | FE20: 2.5141667
D21: Standard deviation | F21: 0.32759358 | G21: 0.42500299 | H21: 0.85627178 | I21: 1.244369 | J21: 0.4803046 | K21: 0.94481056 | L21: 0.02465832 | M21: 0.51525708 | N21: 0.60566621 | O21: 0.21854012 | P21: 0.98869362 | Q21: 1.3668025 | R21: 0.76040503 | S21: 1.0298865 | T21: 0.021210016 | U21: 0.48472438 | X21: Standard deviation | Z21: 0.22959468 | AA21: 0.48153158 | AB21: 0.81380372 | AC21: 1.3269841 | AD21: 0.7644753 | AE21: 0.62542095 | AF21: 0.74759223 | AG21: 0.60423582 | AH21: 0.23716848 | AI21: 0.39795527 | AJ21: 0.94582916 | AK21: 1.3089235 | AL21: 1.1380088 | AM21: 0.71370651 | AN21: 0.83069342 | AO21: 0.63476302 | AR21: Standard deviation | AT21: 0.61348808 | AU21: 0.85193421 | AV21: 0.63188215 | AW21: 0.62397209 | AX21: 0.79366562 | AY21: 0.46321284 | AZ21: 0.26269 | BA21: 0.14132765 | BB21: 0.64714947 | BC21: 1.1260049 | BD21: 0.61632865 | BE21: 0.68147967 | BF21: 0.88550119 | BG21: 0.25582932 | BH21: 0.27568214 | BI21: 0.092673405 | BL21: Standard deviation | BN21: 0.63082645 | BO21: 0.88432228 | BP21: 0.39558124 | BQ21: 1.1169276 | BR21: 1.1022717 | BS21: 0.066313011 | BT21: 0.46479371 | BU21: 0.59666434 | BV21: 0.51851079 | BW21: 1.0088916 | BX21: 0.27740916 | BY21: 1.2196945 | BZ21: 1.1146137 | CA21: 0.015491933 | CB21: 0.16877073 | CC21: 0.64843586 | CF21: Standard deviation | CH21: 4.7397705 | CI21: 0.38735743 | CJ21: 2.0440246 | CK21: 2.7660728 | CL21: 0.97513364 | CM21: 20.958794 | CN21: 0.37503101 | CO21: 1.7220353 | CP21: 3.7826468 | CQ21: 0.30504859 | CR21: 1.8321409 | CS21: 2.7362158 | CT21: 0.96726594 | CU21: 19.718178 | CV21: 0.35583317 | CW21: 1.6961618 | CZ21: Standard deviation | DB21: 0.095841135 | DC21: 1.7154625 | DD21: 0.59528976 | DE21: 0.66507809 | DF21: 6.2624887 | DG21: 1.5230855 | DH21: 0.064283557 | DI21: 0.74407785 | DJ21: 0.10240181 | DK21: 1.7498697 | DL21: 0.64447299 | DM21: 0.67383502 | DN21: 6.6628914 | DO21: 1.4385718 | DP21: 0.065851044 | DQ21: 0.80212737 | DT21: Standard deviation | DV21: 2.5791954 | DW21: 0.22429823 | DX21: 1.6750789 | DY21: 0.70117176 | DZ21: 0.22361785 | EA21: 0.71844701 | EB21: 0.027826565 | EC21: 0.18387979 | ED21: 2.1027377 | EE21: 0.21771975 | EF21: 1.8180557 | EG21: 0.77825721 | EH21: 0.22 | EI21: 0.69138053 | EJ21: 0.031064449 | EK21: 0.18272263 | EN21: Standard deviation | EP21: 0.07289045 | EQ21: 1.9353005 | ER21: 0.027050762 | ES21: 2.1506033 | ET21: 0.46566854 | EU21: 0.17249292 | EV21: 0.057206842 | EW21: 0.6302159 | EX21: 0.073587289 | EY21: 1.9231861 | EZ21: 0.026824533 | FA21: 2.242453 | FB21: 0.44598721 | FC21: 0.16888819 | FD21: 0.059325842 | FE21: 0.65507071
D22: Mean filtered value | F22: 3 | G22: 4.39 | H22: 5.28 | I22: 5.46 | J22: 4.32 | K22: 4.78 | L22: 1.75 | M22: 2.28 | N22: 2.9954762 | O22: 4.388 | P22: 5.2568293 | Q22: 5.4115 | R22: 4.3095122 | S22: 4.6574359 | T22: 1.7515385 | U22: 2.2935135 | X22: Mean filtered value | Z22: 2.8431818 | AA22: 5.4513235 | AB22: 5.1795082 | AC22: 5.8268852 | AD22: 5.1691667 | AE22: 3.7189231 | AF22: 3.0503077 | AG22: 3.3993333 | AH22: 2.8431707 | AI22: 5.4518182 | AJ22: 5.1765789 | AK22: 5.7505128 | AL22: 5.155 | AM22: 3.7083333 | AN22: 3.0553846 | AO22: 3.4135135 | AR22: Mean filtered value | AT22: 3.9152016 | AU22: 4.2516456 | AV22: 4.1533607 | AW22: 4.2990763 | AX22: 3.5863404 | AY22: 3.1254 | AZ22: 1.6286 | BA22: 1.2496063 | BB22: 3.9197872 | BC22: 4.267619 | BD22: 4.1591304 | BE22: 4.3021739 | BF22: 3.6011905 | BG22: 3.1220408 | BH22: 1.6278723 | BI22: 1.2467347 | BL22: Mean filtered value | BN22: 4.1494643 | BO22: 6.0976147 | BP22: 3.7673684 | BQ22: 5.1278095 | BR22: 5.3187037 | BS22: 1.8461864 | BT22: 3.7506087 | BU22: 3.1469767 | BV22: 4.145 | BW22: 6.0993182 | BX22: 3.7676087 | BY22: 5.1353488 | BZ22: 5.2997674 | CA22: 1.8472727 | CB22: 3.7577551 | CC22: 3.1324242 | CF22: Mean filtered value | CH22: 2.3497959 | CI22: 1.1613514 | CJ22: 2.5554545 | CK22: 3.3019643 | CL22: 1.4107143 | CM22: 1.3395745 | CN22: 1.2245455 | CO22: 2.9807143 | CP22: 2.3592157 | CQ22: 1.17 | CR22: 2.5569565 | CS22: 3.3326316 | CT22: 1.41 | CU22: 1.4619149 | CV22: 1.2178261 | CW22: 2.9485714 | CZ22: Mean filtered value | DB22: 0.5534 | DC22: 4.1736585 | DD22: 0.32862069 | DE22: 1.6060784 | DF22: 2.3361224 | DG22: 1.8398182 | DH22: 0.68368421 | DI22: 1.2013725 | DJ22: 0.55571429 | DK22: 4.2088235 | DL22: 0.32714286 | DM22: 1.6053488 | DN22: 2.3635 | DO22: 1.8431915 | DP22: 0.681875 | DQ22: 1.197907 | DT22: Mean filtered value | DV22: 13.442609 | DW22: 1.3578788 | DX22: 1.3821053 | DY22: 3.5104762 | DZ22: 1.77 | EA22: 2.4559524 | EB22: 0.22857143 | EC22: 0.23372093 | ED22: 12.285652 | EE22: 1.3557143 | EF22: 1.3227083 | EG22: 3.5096774 | EH22: 1.7602439 | EI22: 2.4316667 | EJ22: 0.22947368 | EK22: 0.22971429 | EN22: Mean filtered value | EP22: 0.85 | EQ22: 0.56777778 | ER22: 0.14888889 | ES22: 1.5767391 | ET22: 2.0197778 | EU22: 0.69285714 | EV22: 0.30142857 | EW22: 2.2420408 | EX22: 0.85 | EY22: 0.55254545 | EZ22: 0.14890909 | FA22: 1.5542222 | FB22: 2.0338298 | FC22: 0.70090909 | FD22: 0.30142857 | FE22: 2.226875
D23: Laser | E23: Ground Truth | F23: 3.04 | G23: 4.01 | H23: 5.24 | I23: 5.77 | J23: 4.19 | K23: 4.38 | L23: 1.55 | M23: 2.41 | N23: 3.04 | O23: 4.01 | P23: 5.24 | Q23: 5.77 | R23: 4.19 | S23: 4.38 | T23: 1.55 | U23: 2.41 | X23: Laser | Y23: Ground Truth | Z23: 2.88 | AA23: 5.31 | AB23: 5.04 | AC23: 6.21 | AD23: 5.29 | AE23: 3.65 | AF23: 2.85 | AG23: 3.06 | AH23: 2.88 | AI23: 5.31 | AJ23: 5.04 | AK23: 6.21 | AL23: 5.29 | AM23: 3.65 | AN23: 2.85 | AO23: 3.06 | AR23: Laser | AS23: Ground Truth | AT23: 3.88 | AU23: 4.23 | AV23: 3.88 | AW23: 4.43 | AX23: 3.58 | AY23: 3.17 | AZ23: 1.72 | BA23: 1.14 | BB23: 3.88 | BC23: 4.23 | BD23: 3.88 | BE23: 4.43 | BF23: 3.58 | BG23: 3.17 | BH23: 1.72 | BI23: 1.14 | BL23: Laser | BM23: Ground Truth | BN23: 4.2 | BO23: 6.08 | BP23: 3.62 | BQ23: 5.36 | BR23: 5.44 | BS23: 1.82 | BT23: 3.76 | BU23: 2.87 | BV23: 4.2 | BW23: 6.08 | BX23: 3.62 | BY23: 5.36 | BZ23: 5.44 | CA23: 1.82 | CB23: 3.76 | CC23: 2.87 | CF23: Laser | CG23: Ground Truth | CH23: 3.04 | CI23: 4.01 | CJ23: 5.24 | CK23: 5.77 | CL23: 4.19 | CM23: 4.38 | CN23: 1.55 | CO23: 2.41 | CP23: 3.04 | CQ23: 4.01 | CR23: 5.24 | CS23: 5.77 | CT23: 4.19 | CU23: 4.38 | CV23: 1.55 | CW23: 2.41 | CZ23: Laser | DA23: Ground Truth | DB23: 2.88 | DC23: 5.31 | DD23: 5.04 | DE23: 6.21 | DF23: 5.29 | DG23: 3.65 | DH23: 2.85 | DI23: 3.06 | DJ23: 2.88 | DK23: 5.31 | DL23: 5.04 | DM23: 6.21 | DN23: 5.29 | DO23: 3.65 | DP23: 2.85 | DQ23: 3.06 | DT23: Laser | DU23: Ground Truth | DV23: 3.88 | DW23: 4.23 | DX23: 3.88 | DY23: 4.43 | DZ23: 3.58 | EA23: 3.17 | EB23: 1.72 | EC23: 1.14 | ED23: 3.88 | EE23: 4.23 | EF23: 3.88 | EG23: 4.43 | EH23: 3.58 | EI23: 3.17 | EJ23: 1.72 | EK23: 1.14 | EN23: Laser | EO23: Ground Truth | EP23: 4.2 | EQ23: 6.08 | ER23: 3.62 | ES23: 5.36 | ET23: 5.44 | EU23: 1.82 | EV23: 3.76 | EW23: 2.87 | EX23: 4.2 | EY23: 6.08 | EZ23: 3.62 | FA23: 5.36 | FB23: 5.44 | FC23: 1.82 | FD23: 3.76 | FE23: 2.87
E24: Error [m] | F24: 0.04 | G24: -0.38 | H24: -0.04 | I24: 0.31 | J24: -0.13 | K24: -0.4 | L24: -0.2 | M24: 0.13 | N24: 0.04452381 | O24: -0.378 | P24: -0.016829268 | Q24: 0.3585 | R24: -0.1195122 | S24: -0.2774359 | T24: -0.20153846 | U24: 0.11648649 | Y24: Error [m] | Z24: 0.036818182 | AA24: -0.14132353 | AB24: -0.1395082 | AC24: 0.38311475 | AD24: 0.12083333 | AE24: -0.068923077 | AF24: -0.20030769 | AG24: -0.33933333 | AH24: 0.036829268 | AI24: -0.14181818 | AJ24: -0.13657895 | AK24: 0.45948718 | AL24: 0.135 | AM24: -0.058333333 | AN24: -0.20538462 | AO24: -0.35351351 | AS24: Error [m] | AT24: -0.035201613 | AU24: -0.02164557 | AV24: -0.27336066 | AW24: 0.13092369 | AX24: -0.0063404255 | AY24: 0.0446 | AZ24: 0.0914 | BA24: -0.1096063 | BB24: -0.039787234 | BC24: -0.037619048 | BD24: -0.27913043 | BE24: 0.12782609 | BF24: -0.021190476 | BG24: 0.047959184 | BH24: 0.09212766 | BI24: -0.10673469 | BM24: Error [m] | BN24: 0.050535714 | BO24: -0.017614679 | BP24: -0.14736842 | BQ24: 0.23219048 | BR24: 0.1212963 | BS24: -0.026186441 | BT24: 0.0093913043 | BU24: -0.27697674 | BV24: 0.055 | BW24: -0.019318182 | BX24: -0.1476087 | BY24: 0.22465116 | BZ24: 0.14023256 | CA24: -0.027272727 | CB24: 0.002244898 | CC24: -0.26242424 | CG24: Error [m] | CH24: 0.69020408 | CI24: 2.8486486 | CJ24: 2.6845455 | CK24: 2.4680357 | CL24: 2.7792857 | CM24: 3.0404255 | CN24: 0.32545455 | CO24: -0.57071429 | CP24: 0.68078431 | CQ24: 2.84 | CR24: 2.6830435 | CS24: 2.4373684 | CT24: 2.78 | CU24: 2.9180851 | CV24: 0.33217391 | CW24: -0.53857143 | DA24: Error [m] | DB24: 2.3266 | DC24: 1.1363415 | DD24: 4.7113793 | DE24: 4.6039216 | DF24: 2.9538776 | DG24: 1.8101818 | DH24: 2.1663158 | DI24: 1.8586275 | DJ24: 2.3242857 | DK24: 1.1011765 | DL24: 4.7128571 | DM24: 4.6046512 | DN24: 2.9265 | DO24: 1.8068085 | DP24: 2.168125 | DQ24: 1.862093 | DU24: Error [m] | DV24: -9.5626087 | DW24: 2.8721212 | DX24: 2.4978947 | DY24: 0.91952381 | DZ24: 1.81 | EA24: 0.71404762 | EB24: 1.4914286 | EC24: 0.90627907 | ED24: -8.4056522 | EE24: 2.8742857 | EF24: 2.5572917 | EG24: 0.92032258 | EH24: 1.8197561 | EI24: 0.73833333 | EJ24: 1.4905263 | EK24: 0.91028571 | EO24: Error [m] | EP24: 3.35 | EQ24: 5.5122222 | ER24: 3.4711111 | ES24: 3.7832609 | ET24: 3.4202222 | EU24: 1.1271429 | EV24: 3.4585714 | EW24: 0.62795918 | EX24: 3.35 | EY24: 5.5274545 | EZ24: 3.4710909 | FA24: 3.8057778 | FB24: 3.4061702 | FC24: 1.1190909 | FD24: 3.4585714 | FE24: 0.643125
E25: Error [%] | F25: 1.32 | G25: -8.56 | H25: -0.69 | I25: 5.72 | J25: -3.08 | K25: -8.43 | L25: -11.39 | M25: 5.93 | N25: 1.4863683 | O25: -8.6144029 | P25: -0.32014105 | Q25: 6.6247806 | R25: -2.7732186 | S25: -5.9568377 | T25: -11.506368 | U25: 5.0789536 | Y25: Error [%] | Z25: 1.294964 | AA25: -2.5924627 | AB25: -2.6934642 | AC25: 6.5749494 | AD25: 2.3375786 | AE25: -1.8533074 | AF25: -6.5668028 | AG25: -9.9823495 | AH25: 1.295359 | AI25: -2.6013007 | AJ25: -2.6384017 | AK25: 7.9903688 | AL25: 2.6188167 | AM25: -1.5730337 | AN25: -6.7220544 | AO25: -10.356295 | AS25: Error [%] | AT25: -0.8991009 | AU25: -0.5091104 | AV25: -6.5816739 | AW25: 3.0453913 | AX25: -0.17679374 | AY25: 1.4270173 | AZ25: 5.6121822 | BA25: -8.7712665 | BB25: -1.0150356 | BC25: -0.88149967 | BD25: -6.7112691 | BE25: 2.9711976 | BF25: -0.58842975 | BG25: 1.5361485 | BH25: 5.6593909 | BI25: -8.5611393 | BM25: Error [%] | BN25: 1.2178853 | BO25: -0.28887819 | BP25: -3.9117072 | BQ25: 4.5280636 | BR25: 2.2805613 | BS25: -1.4184072 | BT25: 0.25039414 | BU25: -8.8013597 | BV25: 1.3268999 | BW25: -0.31672691 | BX25: -3.9178351 | BY25: 4.3746037 | BZ25: 2.6460134 | CA25: -1.476378 | CB25: 0.059740401 | CC25: -8.3776724 | CG25: Error [%] | CH25: 29.372937 | CI25: 245.28741 | CJ25: 105.05158 | CK25: 74.74447 | CL25: 197.01266 | CM25: 226.9695 | CN25: 26.57758 | CO25: -19.146897 | CP25: 28.856383 | CQ25: 242.73504 | CR25: 104.93113 | CS25: 73.13645 | CT25: 197.16312 | CU25: 199.60704 | CV25: 27.275973 | CW25: -18.265504 | DA25: Error [%] | DB25: 420.41923 | DC25: 27.226508 | DD25: 1433.6831 | DE25: 286.65609 | DF25: 126.44361 | DG25: 98.389169 | DH25: 316.85912 | DI25: 154.70867 | DJ25: 418.25193 | DK25: 26.163522 | DL25: 1440.6114 | DM25: 286.83181 | DN25: 123.82061 | DO25: 98.026088 | DP25: 317.96517 | DQ25: 155.44554 | DU25: Error [%] | DV25: -71.136555 | DW25: 211.51529 | DX25: 180.73115 | DY25: 26.193706 | DZ25: 102.25989 | EA25: 29.074164 | EB25: 652.5 | EC25: 387.76119 | ED25: -68.418445 | EE25: 212.01264 | EF25: 193.33753 | EG25: 26.222426 | EH25: 103.38091 | EI25: 30.363263 | EJ25: 649.54128 | EK25: 396.26866 | EO25: Error [%] | EP25: 394.11765 | EQ25: 970.84149 | ER25: 2331.3433 | ES25: 239.94209 | ET25: 169.33656 | EU25: 162.68041 | EV25: 1147.3934 | EW25: 28.008374 | EX25: 394.11765 | EY25: 1000.362 | EZ25: 2331.0134 | FA25: 244.86703 | FB25: 167.47568 | FC25: 159.66278 | FD25: 1147.3934 | FE25: 28.880157
D26: 3D Walk | E26: Ground Truth | F26: 2.99 | G26: 4.18 | H26: 5.28 | I26: 5.69 | J26: 4.22 | K26: 4.39 | L26: 1.62 | M26: 2.44 | N26: 2.99 | O26: 4.18 | P26: 5.28 | Q26: 5.69 | R26: 4.22 | S26: 4.39 | T26: 1.62 | U26: 2.44 | X26: 3D Walk | Y26: Ground Truth | Z26: 2.84 | AA26: 5.41 | AB26: 5.1 | AC26: 6.17 | AD26: 5.33 | AE26: 3.65 | AF26: 2.94 | AG26: 3.12 | AH26: 2.84 | AI26: 5.41 | AJ26: 5.1 | AK26: 6.17 | AL26: 5.33 | AM26: 3.65 | AN26: 2.94 | AO26: 3.12 | AR26: 3D Walk | AS26: Ground Truth | AT26: 3.86 | AU26: 4.24 | AV26: 3.37 | AW26: 4.38 | AX26: 3.57 | AY26: 3.19 | AZ26: 1.74 | BA26: 1.12 | BB26: 3.86 | BC26: 4.24 | BD26: 3.37 | BE26: 4.38 | BF26: 3.57 | BG26: 3.19 | BH26: 1.74 | BI26: 1.12 | BL26: 3D Walk | BM26: Ground Truth | BN26: 4.14 | BO26: 6.08 | BP26: 3.66 | BQ26: 5.32 | BR26: 5.44 | BS26: 1.83 | BT26: 3.76 | BU26: 2.91 | BV26: 4.14 | BW26: 6.08 | BX26: 3.66 | BY26: 5.32 | BZ26: 5.44 | CA26: 1.83 | CB26: 3.76 | CC26: 2.91 | CF26: 3D Walk | CG26: Ground Truth | CH26: 2.99 | CI26: 4.18 | CJ26: 5.28 | CK26: 5.69 | CL26: 4.22 | CM26: 4.39 | CN26: 1.62 | CO26: 2.44 | CP26: 2.99 | CQ26: 4.18 | CR26: 5.28 | CS26: 5.69 | CT26: 4.22 | CU26: 4.39 | CV26: 1.62 | CW26: 2.44 | CZ26: 3D Walk | DA26: Ground Truth | DB26: 2.84 | DC26: 5.41 | DD26: 5.1 | DE26: 6.17 | DF26: 5.33 | DG26: 3.65 | DH26: 2.94 | DI26: 3.12 | DJ26: 2.84 | DK26: 5.41 | DL26: 5.1 | DM26: 6.17 | DN26: 5.33 | DO26: 3.65 | DP26: 2.94 | DQ26: 3.12 | DT26: 3D Walk | DU26: Ground Truth | DV26: 3.86 | DW26: 4.24 | DX26: 3.37 | DY26: 4.38 | DZ26: 3.57 | EA26: 3.19 | EB26: 1.74 | EC26: 1.12 | ED26: 3.86 | EE26: 4.24 | EF26: 3.37 | EG26: 4.38 | EH26: 3.57 | EI26: 3.19 | EJ26: 1.74 | EK26: 1.12 | EN26: 3D Walk | EO26: Ground Truth | EP26: 4.14 | EQ26: 6.08 | ER26: 3.66 | ES26: 5.32 | ET26: 5.44 | EU26: 1.83 | EV26: 3.76 | EW26: 2.91 | EX26: 4.14 | EY26: 6.08 | EZ26: 3.66 | FA26: 5.32 | FB26: 5.44 | FC26: 1.83 | FD26: 3.76 | FE26: 2.91
E27: Error [m] | F27: -0.01 | G27: -0.21 | H27: 0 | I27: 0.23 | J27: -0.1 | K27: -0.39 | L27: -0.13 | M27: 0.16 | N27: -0.0054761905 | O27: -0.208 | P27: 0.023170732 | Q27: 0.2785 | R27: -0.089512195 | S27: -0.2674359 | T27: -0.13153846 | U27: 0.14648649 | Y27: Error [m] | Z27: -0.0031818182 | AA27: -0.041323529 | AB27: -0.079508197 | AC27: 0.34311475 | AD27: 0.16083333 | AE27: -0.068923077 | AF27: -0.11030769 | AG27: -0.27933333 | AH27: -0.0031707317 | AI27: -0.041818182 | AJ27: -0.076578947 | AK27: 0.41948718 | AL27: 0.175 | AM27: -0.058333333 | AN27: -0.11538462 | AO27: -0.29351351 | AS27: Error [m] | AT27: -0.055201613 | AU27: -0.01164557 | AV27: -0.78336066 | AW27: 0.080923695 | AX27: -0.016340426 | AY27: 0.0646 | AZ27: 0.1114 | BA27: -0.1296063 | BB27: -0.059787234 | BC27: -0.027619048 | BD27: -0.78913043 | BE27: 0.077826087 | BF27: -0.031190476 | BG27: 0.067959184 | BH27: 0.11212766 | BI27: -0.12673469 | BM27: Error [m] | BN27: -0.0094642857 | BO27: -0.017614679 | BP27: -0.10736842 | BQ27: 0.19219048 | BR27: 0.1212963 | BS27: -0.016186441 | BT27: 0.0093913043 | BU27: -0.23697674 | BV27: -0.005 | BW27: -0.019318182 | BX27: -0.1076087 | BY27: 0.18465116 | BZ27: 0.14023256 | CA27: -0.017272727 | CB27: 0.002244898 | CC27: -0.22242424 | CG27: Error [m] | CH27: 0.64020408 | CI27: 3.0186486 | CJ27: 2.7245455 | CK27: 2.3880357 | CL27: 2.8092857 | CM27: 3.0504255 | CN27: 0.39545455 | CO27: -0.54071429 | CP27: 0.63078431 | CQ27: 3.01 | CR27: 2.7230435 | CS27: 2.3573684 | CT27: 2.81 | CU27: 2.9280851 | CV27: 0.40217391 | CW27: -0.50857143 | DA27: Error [m] | DB27: 2.2866 | DC27: 1.2363415 | DD27: 4.7713793 | DE27: 4.5639216 | DF27: 2.9938776 | DG27: 1.8101818 | DH27: 2.2563158 | DI27: 1.9186275 | DJ27: 2.2842857 | DK27: 1.2011765 | DL27: 4.7728571 | DM27: 4.5646512 | DN27: 2.9665 | DO27: 1.8068085 | DP27: 2.258125 | DQ27: 1.922093 | DU27: Error [m] | DV27: -9.5826087 | DW27: 2.8821212 | DX27: 1.9878947 | DY27: 0.86952381 | DZ27: 1.8 | EA27: 0.73404762 | EB27: 1.5114286 | EC27: 0.88627907 | ED27: -8.4256522 | EE27: 2.8842857 | EF27: 2.0472917 | EG27: 0.87032258 | EH27: 1.8097561 | EI27: 0.75833333 | EJ27: 1.5105263 | EK27: 0.89028571 | EO27: Error [m] | EP27: 3.29 | EQ27: 5.5122222 | ER27: 3.5111111 | ES27: 3.7432609 | ET27: 3.4202222 | EU27: 1.1371429 | EV27: 3.4585714 | EW27: 0.66795918 | EX27: 3.29 | EY27: 5.5274545 | EZ27: 3.5110909 | FA27: 3.7657778 | FB27: 3.4061702 | FC27: 1.1290909 | FD27: 3.4585714 | FE27: 0.683125
E28: Error [%] | F28: -0.34 | G28: -4.68 | H28: 0.06 | I28: 4.25 | J28: -2.39 | K28: -8.22 | L28: -7.39 | M28: 7.25 | N28: -0.18281536 | O28: -4.7402005 | P28: 0.44077391 | Q28: 5.1464474 | R28: -2.0770842 | S28: -5.7421273 | T28: -7.5098814 | U28: 6.3869903 | Y28: Error [%] | Z28: -0.11191047 | AA28: -0.75804581 | AB28: -1.535053 | AC28: 5.8884763 | AD28: 3.1113977 | AE28: -1.8533074 | AF28: -3.6162808 | AG28: -8.2172975 | AH28: -0.11152097 | AI28: -0.76705019 | AJ28: -1.4793351 | AK28: 7.2947786 | AL28: 3.3947624 | AM28: -1.5730337 | AN28: -3.776435 | AO28: -8.5985748 | AS28: Error [%] | AT28: -1.4099303 | AU28: -0.27390735 | AV28: -18.860887 | AW28: 1.8823507 | AX28: -0.45562952 | AY28: 2.0669354 | AZ28: 6.8402309 | BA28: -10.371771 | BB28: -1.5252673 | BC28: -0.64717697 | BD28: -18.973448 | BE28: 1.8089944 | BF28: -0.8661157 | BG28: 2.1767551 | BH28: 6.8879885 | BI28: -10.16533 | BM28: Error [%] | BN28: -0.22808452 | BO28: -0.28887819 | BP28: -2.8499581 | BQ28: 3.7480034 | BR28: 2.2805613 | BS28: -0.87675006 | BT28: 0.25039414 | BU28: -7.5302986 | BV28: -0.12062726 | BW28: -0.31672691 | BX28: -2.8561537 | BY28: 3.5956888 | BZ28: 2.6460134 | CA28: -0.93503937 | CB28: 0.059740401 | CC28: -7.1007062 | CG28: Error [%] | CH28: 27.245093 | CI28: 259.92553 | CJ28: 106.61686 | CK28: 72.32167 | CL28: 199.13924 | CM28: 227.71601 | CN28: 32.293987 | CO28: -18.140427 | CP28: 26.737035 | CQ28: 257.26496 | CR28: 106.49549 | CS28: 70.735944 | CT28: 199.29078 | CU28: 200.29108 | CV28: 33.02392 | CW28: -17.248062 | DA28: Error [%] | DB28: 413.19118 | DC28: 29.622487 | DD28: 1451.9412 | DE28: 284.16555 | DF28: 128.15585 | DG28: 98.389169 | DH28: 330.02309 | DI28: 159.70295 | DJ28: 411.05398 | DK28: 28.539483 | DL28: 1458.952 | DM28: 284.34014 | DN28: 125.51301 | DO28: 98.026088 | DP28: 331.16407 | DQ28: 160.45428 | DU28: Error [%] | DV28: -71.285335 | DW28: 212.25173 | DX28: 143.83092 | DY28: 24.769398 | DZ28: 101.69492 | EA28: 29.888512 | EB28: 661.25 | EC28: 379.20398 | ED28: -68.581237 | EE28: 212.75026 | EF28: 154.78028 | EG28: 24.797794 | EH28: 102.8128 | EI28: 31.185744 | EJ28: 658.25688 | EK28: 387.56219 | EO28: Error [%] | EP28: 387.05882 | EQ28: 970.84149 | ER28: 2358.209 | ES28: 237.40521 | ET28: 169.33656 | EU28: 164.12371 | EV28: 1147.3934 | EW28: 29.792463 | EX28: 387.05882 | EY28: 1000.362 | EZ28: 2357.8755 | FA28: 242.29339 | FB28: 167.47568 | FC28: 161.08949 | FD28: 1147.3934 | FE28: 30.676396
D29: 3D Model | E29: Ground Truth | F29: 2.99 | G29: 4.19 | H29: 5.3 | I29: 5.73 | J29: 4.24 | K29: 4.45 | L29: 1.61 | M29: 2.42 | N29: 2.99 | O29: 4.19 | P29: 5.3 | Q29: 5.73 | R29: 4.24 | S29: 4.45 | T29: 1.61 | U29: 2.42 | X29: 3D Model | Y29: Ground Truth | Z29: 2.88 | AA29: 5.38 | AB29: 5.1 | AC29: 6.21 | AD29: 5.33 | AE29: 3.71 | AF29: 2.87 | AG29: 3.05 | AH29: 2.88 | AI29: 5.38 | AJ29: 5.1 | AK29: 6.21 | AL29: 5.33 | AM29: 3.71 | AN29: 2.87 | AO29: 3.05 | AR29: 3D Model | AS29: Ground Truth | AT29: 3.83 | AU29: 4.29 | AV29: 3.95 | AW29: 4.43 | AX29: 3.64 | AY29: 3.23 | AZ29: 1.7 | BA29: 1.13 | BB29: 3.83 | BC29: 4.29 | BD29: 3.95 | BE29: 4.43 | BF29: 3.64 | BG29: 3.23 | BH29: 1.7 | BI29: 1.13 | BL29: 3D Model | BM29: Ground Truth | BN29: 4.19 | BO29: 6.13 | BP29: 3.69 | BQ29: 5.35 | BR29: 5.49 | BS29: 1.85 | BT29: 3.72 | BU29: 2.9 | BV29: 4.19 | BW29: 6.13 | BX29: 3.69 | BY29: 5.35 | BZ29: 5.49 | CA29: 1.85 | CB29: 3.72 | CC29: 2.9 | CF29: 3D Model | CG29: Ground Truth | CH29: 2.99 | CI29: 4.19 | CJ29: 5.3 | CK29: 5.73 | CL29: 4.24 | CM29: 4.45 | CN29: 1.61 | CO29: 2.42 | CP29: 2.99 | CQ29: 4.19 | CR29: 5.3 | CS29: 5.73 | CT29: 4.24 | CU29: 4.45 | CV29: 1.61 | CW29: 2.42 | CZ29: 3D Model | DA29: Ground Truth | DB29: 2.88 | DC29: 5.38 | DD29: 5.1 | DE29: 6.21 | DF29: 5.33 | DG29: 3.71 | DH29: 2.87 | DI29: 3.05 | DJ29: 2.88 | DK29: 5.38 | DL29: 5.1 | DM29: 6.21 | DN29: 5.33 | DO29: 3.71 | DP29: 2.87 | DQ29: 3.05 | DT29: 3D Model | DU29: Ground Truth | DV29: 3.83 | DW29: 4.29 | DX29: 3.95 | DY29: 4.43 | DZ29: 3.64 | EA29: 3.23 | EB29: 1.7 | EC29: 1.13 | ED29: 3.83 | EE29: 4.29 | EF29: 3.95 | EG29: 4.43 | EH29: 3.64 | EI29: 3.23 | EJ29: 1.7 | EK29: 1.13 | EN29: 3D Model | EO29: Ground Truth | EP29: 4.19 | EQ29: 6.13 | ER29: 3.69 | ES29: 5.35 | ET29: 5.49 | EU29: 1.85 | EV29: 3.72 | EW29: 2.9 | EX29: 4.19 | EY29: 6.13 | EZ29: 3.69 | FA29: 5.35 | FB29: 5.49 | FC29: 1.85 | FD29: 3.72 | FE29: 2.9
E30: Error [m] | F30: -0.01 | G30: -0.2 | H30: 0.02 | I30: 0.27 | J30: -0.08 | K30: -0.33 | L30: -0.14 | M30: 0.14 | N30: -0.0054761905 | O30: -0.198 | P30: 0.043170732 | Q30: 0.3185 | R30: -0.069512195 | S30: -0.2074359 | T30: -0.14153846 | U30: 0.12648649 | Y30: Error [m] | Z30: 0.036818182 | AA30: -0.071323529 | AB30: -0.079508197 | AC30: 0.38311475 | AD30: 0.16083333 | AE30: -0.0089230769 | AF30: -0.18030769 | AG30: -0.34933333 | AH30: 0.036829268 | AI30: -0.071818182 | AJ30: -0.076578947 | AK30: 0.45948718 | AL30: 0.175 | AM30: 0.0016666667 | AN30: -0.18538462 | AO30: -0.36351351 | AS30: Error [m] | AT30: -0.085201613 | AU30: 0.03835443 | AV30: -0.20336066 | AW30: 0.13092369 | AX30: 0.053659574 | AY30: 0.1046 | AZ30: 0.0714 | BA30: -0.1196063 | BB30: -0.089787234 | BC30: 0.022380952 | BD30: -0.20913043 | BE30: 0.12782609 | BF30: 0.038809524 | BG30: 0.10795918 | BH30: 0.07212766 | BI30: -0.11673469 | BM30: Error [m] | BN30: 0.040535714 | BO30: 0.032385321 | BP30: -0.077368421 | BQ30: 0.22219048 | BR30: 0.1712963 | BS30: 0.0038135593 | BT30: -0.030608696 | BU30: -0.24697674 | BV30: 0.045 | BW30: 0.030681818 | BX30: -0.077608696 | BY30: 0.21465116 | BZ30: 0.19023256 | CA30: 0.0027272727 | CB30: -0.037755102 | CC30: -0.23242424 | CG30: Error [m] | CH30: 0.64020408 | CI30: 3.0286486 | CJ30: 2.7445455 | CK30: 2.4280357 | CL30: 2.8292857 | CM30: 3.1104255 | CN30: 0.38545455 | CO30: -0.56071429 | CP30: 0.63078431 | CQ30: 3.02 | CR30: 2.7430435 | CS30: 2.3973684 | CT30: 2.83 | CU30: 2.9880851 | CV30: 0.39217391 | CW30: -0.52857143 | DA30: Error [m] | DB30: 2.3266 | DC30: 1.2063415 | DD30: 4.7713793 | DE30: 4.6039216 | DF30: 2.9938776 | DG30: 1.8701818 | DH30: 2.1863158 | DI30: 1.8486275 | DJ30: 2.3242857 | DK30: 1.1711765 | DL30: 4.7728571 | DM30: 4.6046512 | DN30: 2.9665 | DO30: 1.8668085 | DP30: 2.188125 | DQ30: 1.852093 | DU30: Error [m] | DV30: -9.6126087 | DW30: 2.9321212 | DX30: 2.5678947 | DY30: 0.91952381 | DZ30: 1.87 | EA30: 0.77404762 | EB30: 1.4714286 | EC30: 0.89627907 | ED30: -8.4556522 | EE30: 2.9342857 | EF30: 2.6272917 | EG30: 0.92032258 | EH30: 1.8797561 | EI30: 0.79833333 | EJ30: 1.4705263 | EK30: 0.90028571 | EO30: Error [m] | EP30: 3.34 | EQ30: 5.5622222 | ER30: 3.5411111 | ES30: 3.7732609 | ET30: 3.4702222 | EU30: 1.1571429 | EV30: 3.4185714 | EW30: 0.65795918 | EX30: 3.34 | EY30: 5.5774545 | EZ30: 3.5410909 | FA30: 3.7957778 | FB30: 3.4561702 | FC30: 1.1490909 | FD30: 3.4185714 | FE30: 0.673125
E31: Error [%] | F31: -0.34 | G31: -4.45 | H31: 0.44 | I31: 4.99 | J31: -1.92 | K31: -6.97 | L31: -7.96 | M31: 6.37 | N31: -0.18281536 | O31: -4.5123063 | P31: 0.82123138 | Q31: 5.885614 | R31: -1.6129945 | S31: -4.4538648 | T31: -8.0808081 | U31: 5.5149658 | Y31: Error [%] | Z31: 1.294964 | AA31: -1.3083709 | AB31: -1.535053 | AC31: 6.5749494 | AD31: 3.1113977 | AE31: -0.23993712 | AF31: -5.9111313 | AG31: -10.276525 | AH31: 1.295359 | AI31: -1.3173253 | AJ31: -1.4793351 | AK31: 7.9903688 | AL31: 3.3947624 | AM31: 0.04494382 | AN31: -6.0674723 | AO31: -10.649248 | AS31: Error [%] | AT31: -2.1761743 | AU31: 0.9021079 | AV31: -4.8962918 | AW31: 3.0453913 | AX31: 1.4962209 | AY31: 3.3467716 | AZ31: 4.3841336 | BA31: -9.5715186 | BB31: -2.290615 | BC31: 0.52443651 | BD31: -5.028225 | BE31: 2.9711976 | BF31: 1.077686 | BG31: 3.4579684 | BH31: 4.4307934 | BI31: -9.3632346 | BM31: Error [%] | BN31: 0.9768903 | BO31: 0.53111459 | BP31: -2.0536463 | BQ31: 4.3330485 | BR31: 3.2206399 | BS31: 0.20656415 | BT31: -0.81609942 | BU31: -7.8480638 | BV31: 1.0856454 | BW31: 0.50303685 | BX31: -2.0598927 | BY31: 4.179875 | BZ31: 3.5894511 | CA31: 0.1476378 | CB31: -1.0047249 | CC31: -7.4199478 | CG31: Error [%] | CH31: 27.245093 | CI31: 260.7866 | CJ31: 107.3995 | CK31: 73.53307 | CL31: 200.55696 | CM31: 232.19504 | CN31: 31.477357 | CO31: -18.811407 | CP31: 26.737035 | CQ31: 258.11966 | CR31: 107.27767 | CS31: 71.936197 | CT31: 200.70922 | CU31: 204.39528 | CV31: 32.202785 | CW31: -17.926357 | DA31: Error [%] | DB31: 420.41923 | DC31: 28.903693 | DD31: 1451.9412 | DE31: 286.65609 | DF31: 128.15585 | DG31: 101.65036 | DH31: 319.78445 | DI31: 153.87629 | DJ31: 418.25193 | DK31: 27.826695 | DL31: 1458.952 | DM31: 286.83181 | DN31: 125.51301 | DO31: 101.28131 | DP31: 320.89826 | DQ31: 154.61076 | DU31: Error [%] | DV31: -71.508506 | DW31: 215.93394 | DX31: 185.79589 | DY31: 26.193706 | DZ31: 105.64972 | EA31: 31.517208 | EB31: 643.75 | EC31: 383.48259 | ED31: -68.825424 | EE31: 216.43836 | EF31: 198.62971 | EG31: 26.222426 | EH31: 106.78952 | EI31: 32.830706 | EJ31: 640.82569 | EK31: 391.91542 | EO31: Error [%] | EP31: 392.94118 | EQ31: 979.64775 | ER31: 2378.3582 | ES31: 239.30787 | ET31: 171.81208 | EU31: 167.01031 | EV31: 1134.1232 | EW31: 29.346441 | EX31: 392.94118 | EY31: 1009.411 | EZ31: 2378.022 | FA31: 244.22362 | FB31: 169.93409 | FC31: 163.94293 | FD31: 1134.1232 | FE31: 30.227337
C32: 3 | D32: Mean unfiltered value | F32: 2.9465294 | G32: 4.2850318 | H32: 5.1081765 | I32: 5.1088235 | J32: 4.1863905 | K32: 4.5047647 | L32: 1.7452976 | M32: 2.2166272 | N32: 2.91075 | O32: 4.3447059 | P32: 5.30025 | Q32: 5.096 | R32: 4.2545 | S32: 4.5 | T32: 1.7476923 | U32: 2.257 | W32: 3 | X32: Mean unfiltered value | Z32: 2.7888732 | AA32: 5.0550704 | AB32: 5.0347761 | AC32: 5.0567143 | AD32: 5.195 | AE32: 3.433662 | AF32: 2.8695714 | AG32: 3.3443284 | AH32: 2.8245455 | AI32: 4.9396364 | AJ32: 4.9624074 | AK32: 5.1333333 | AL32: 5.1975 | AM32: 3.5218182 | AN32: 2.8787037 | AO32: 3.3957407 | AQ32: 3 | AR32: Mean unfiltered value | AT32: 3.7522008 | AU32: 4.1292664 | AV32: 3.9294595 | AW32: 4.1550973 | AX32: 3.4329457 | AY32: 3.0722008 | AZ32: 1.612973 | BA32: 1.2348249 | BB32: 3.7908889 | BC32: 4.1906667 | BD32: 3.8635556 | BE32: 4.0752273 | BF32: 3.5629545 | BG32: 3.0693333 | BH32: 1.5962222 | BI32: 1.2393333 | BK32: 3 | BL32: Mean unfiltered value | BN32: 3.9943636 | BO32: 5.6325714 | BP32: 3.7147273 | BQ32: 4.7845455 | BR32: 5.1445455 | BS32: 1.8173636 | BT32: 3.5009091 | BU32: 3.1810256 | BV32: 3.9608 | BW32: 5.605 | BX32: 3.4922 | BY32: 4.822 | BZ32: 5.0456 | CA32: 1.8188 | CB32: 3.4992 | CC32: 3.19 | CE32: 3 | CF32: Mean unfiltered value | CH32: 2.52 | CI32: 1.2765 | CJ32: 3.0252941 | CK32: 4.6628814 | CL32: 1.5981356 | CM32: 7.8286275 | CN32: 1.0691525 | CO32: 2.8926316 | CP32: 2.5569388 | CQ32: 1.32325 | CR32: 3.1364706 | CS32: 4.792 | CT32: 1.4898333 | CU32: 9.5643137 | CV32: 1.0623729 | CW32: 3.1775 | CY32: 3 | CZ32: Mean unfiltered value | DB32: 0.60559322 | DC32: 3.0669492 | DD32: 0.51305085 | DE32: 1.7684746 | DF32: 4.3098305 | DG32: 2.5411864 | DH32: 0.67271186 | DI32: 1.3669091 | DJ32: 0.60716667 | DK32: 2.954 | DL32: 0.51566667 | DM32: 1.7936667 | DN32: 4.3856667 | DO32: 2.6581667 | DP32: 0.67183333 | DQ32: 1.3705357 | DS32: 3 | DT32: Mean unfiltered value | DV32: 12.457627 | DW32: 1.3692453 | DX32: 1.979661 | DY32: 2.9963462 | DZ32: 1.6859322 | EA32: 2.6350847 | EB32: 0.22561404 | EC32: 0.29677966 | ED32: 12.373 | EE32: 1.3788889 | EF32: 1.8291667 | EG32: 2.9844231 | EH32: 1.6853333 | EI32: 2.5891667 | EJ32: 0.22566667 | EK32: 0.30883333 | EM32: 3 | EN32: Mean unfiltered value | EP32: 0.81081633 | EQ32: 0.93559322 | ER32: 0.14677966 | ES32: 2.0262222 | ET32: 1.9522222 | EU32: 0.61084746 | EV32: 0.32932203 | EW32: 2.4113559 | EX32: 0.81571429 | EY32: 0.93854545 | EZ32: 0.14872727 | FA32: 2.0271429 | FB32: 1.9284314 | FC32: 0.62654545 | FD32: 0.32581818 | FE32: 2.4072727
D33: Standard deviation | F33: 0.31924776 | G33: 0.49759629 | H33: 0.80827025 | I33: 1.2714609 | J33: 0.56256228 | K33: 0.89300432 | L33: 0.082965323 | M33: 0.41587562 | N33: 0.41518904 | O33: 0.24532374 | P33: 0.021152719 | Q33: 1.2988433 | R33: 0.4349135 | S33: 0.96028642 | T33: 0.019008977 | U33: 0.48999082 | X33: Standard deviation | Z33: 0.27792769 | AA33: 1.1602257 | AB33: 0.70111927 | AC33: 1.7190793 | AD33: 0.12257651 | AE33: 0.75372921 | AF33: 0.63209727 | AG33: 0.49095771 | AH33: 0.1089757 | AI33: 1.2954788 | AJ33: 0.87536857 | AK33: 1.6494814 | AL33: 0.12080459 | AM33: 0.65342758 | AN33: 0.64373633 | AO33: 0.40499018 | AR33: Standard deviation | AT33: 0.60904649 | AU33: 0.59572143 | AV33: 0.78968916 | AW33: 0.65321183 | AX33: 0.62036361 | AY33: 0.31076842 | AZ33: 0.12252194 | BA33: 0.10146049 | BB33: 0.47353433 | BC33: 0.48724805 | BD33: 0.92024913 | BE33: 0.80220573 | BF33: 0.25008707 | BG33: 0.250851 | BH33: 0.19166277 | BI33: 0.096411157 | BL33: Standard deviation | BN33: 0.63468321 | BO33: 1.1511328 | BP33: 0.30373945 | BQ33: 1.095785 | BR33: 1.0376973 | BS33: 0.16853204 | BT33: 0.75774851 | BU33: 0.17473489 | BV33: 0.70228154 | BW33: 1.3289861 | BX33: 0.81910021 | BY33: 0.95407337 | BZ33: 1.246371 | CA33: 0.16745913 | CB33: 0.72528019 | CC33: 0.21138996 | CF33: Standard deviation | CH33: 2.2301831 | CI33: 0.46784907 | CJ33: 1.7271947 | CK33: 3.9001265 | CL33: 1.0788247 | CM33: 21.767333 | CN33: 0.39284399 | CO33: 2.1241936 | CP33: 2.1941129 | CQ33: 0.54236698 | CR33: 1.8493049 | CS33: 4.0992104 | CT33: 0.68986108 | CU33: 24.226965 | CV33: 0.38930333 | CW33: 2.1887414 | CZ33: Standard deviation | DB33: 0.20731758 | DC33: 1.8095587 | DD33: 0.82246272 | DE33: 0.52369552 | DF33: 5.2840965 | DG33: 2.0399452 | DH33: 0.080482244 | DI33: 0.67967605 | DJ33: 0.20483401 | DK33: 1.8321956 | DL33: 0.81442079 | DM33: 0.56808147 | DN33: 5.2801387 | DO33: 2.1956772 | DP33: 0.080093522 | DQ33: 0.67305651 | DT33: Standard deviation | DV33: 2.5275515 | DW33: 0.26321559 | DX33: 2.2511089 | DY33: 0.8859524 | DZ33: 0.20774103 | EA33: 0.55739823 | EB33: 0.027531006 | EC33: 0.14245357 | ED33: 2.5476821 | EE33: 0.2508258 | EF33: 1.9118519 | EG33: 0.87403444 | EH33: 0.21141954 | EI33: 0.58505638 | EJ33: 0.02716411 | EK33: 0.15981335 | EN33: Standard deviation | EP33: 0.056273267 | EQ33: 1.4687436 | ER33: 0.028608442 | ES33: 1.7905347 | ET33: 0.36504016 | EU33: 0.16488607 | EV33: 0.074444028 | EW33: 0.54449933 | EX33: 0.054210474 | EY33: 1.5157589 | EZ33: 0.028797383 | FA33: 1.843651 | FB33: 0.39921183 | FC33: 0.15825432 | FD33: 0.074093084 | FE33: 0.536302
D34: Mean filtered value | F34: 2.9992121 | G34: 4.3873333 | H34: 5.292 | I34: 5.5046053 | J34: 4.3247771 | K34: 4.799 | L34: 1.7510241 | M34: 2.2564189 | N34: 2.9973684 | O34: 4.3872727 | P34: 5.2975758 | Q34: 5.4936111 | R34: 4.3241026 | S34: 4.7966667 | T34: 1.7490323 | U34: 2.2533333 | X34: Mean filtered value | Z34: 2.8361765 | AA34: 5.4117187 | AB34: 5.1732812 | AC34: 5.6793333 | AD34: 5.125 | AE34: 3.7091803 | AF34: 3.0579688 | AG34: 3.43 | AH34: 2.8390741 | AI34: 5.3644898 | AJ34: 5.1723529 | AK34: 5.7343478 | AL34: 5.1283333 | AM34: 3.7056 | AN34: 3.0578 | AO34: 3.4423404 | AR34: Mean filtered value | AT34: 3.910795 | AU34: 4.2657613 | AV34: 4.1490756 | AW34: 4.2944262 | AX34: 3.5901245 | AY34: 3.1287952 | AZ34: 1.63 | BA34: 1.2459756 | BB34: 3.9088095 | BC34: 4.2760465 | BD34: 4.142439 | BE34: 4.309 | BF34: 3.6006977 | BG34: 3.1316667 | BH34: 1.6318605 | BI34: 1.2485714 | BL34: Mean filtered value | BN34: 4.1445631 | BO34: 6.0908989 | BP34: 3.7720755 | BQ34: 5.0873737 | BR34: 5.4321782 | BS34: 1.8451402 | BT34: 3.747449 | BU34: 3.1528767 | BV34: 4.1447826 | BW34: 6.0802381 | BX34: 3.7702273 | BY34: 5.12 | BZ34: 5.4043478 | CA34: 1.8426531 | CB34: 3.7420455 | CC34: 3.1459375 | CF34: Mean filtered value | CH34: 2.202766 | CI34: 1.17 | CJ34: 2.5253191 | CK34: 3.3624528 | CL34: 1.3980702 | CM34: 1.5002128 | CN34: 1.2633333 | CO34: 1.872 | CP34: 2.2470833 | CQ34: 1.17 | CR34: 2.5321739 | CS34: 3.3160377 | CT34: 1.4011864 | CU34: 1.6023913 | CV34: 1.2544444 | CW34: 2.2833333 | CZ34: Mean filtered value | DB34: 0.53792453 | DC34: 4.18 | DD34: 0.35947368 | DE34: 1.6122222 | DF34: 2.4198077 | DG34: 1.8598113 | DH34: 0.68678571 | DI34: 1.2046154 | DJ34: 0.54092593 | DK34: 4.18 | DL34: 0.36482759 | DM34: 1.607037 | DN34: 2.5413208 | DO34: 1.8658491 | DP34: 0.68561404 | DQ34: 1.2115094 | DT34: Mean filtered value | DV34: 13.308 | DW34: 1.4642222 | DX34: 1.3938182 | DY34: 3.5096774 | DZ34: 1.7585714 | EA34: 2.523125 | EB34: 0.22916667 | EC34: 0.21636364 | ED34: 13.2708 | EE34: 1.4602128 | EF34: 1.4112281 | EG34: 3.51125 | EH34: 1.7642857 | EI34: 2.5244898 | EJ34: 0.22901961 | EK34: 0.2375 | EN34: Mean filtered value | EP34: 0.85 | EQ34: 0.605 | ER34: 0.1472 | ES34: 1.5636585 | ET34: 2.0404 | EU34: 0.69304348 | EV34: 0.3205 | EW34: 2.1512766 | EX34: 0.85 | EY34: 0.58269231 | EZ34: 0.14791667 | FA34: 1.5281579 | FB34: 2.0456522 | FC34: 0.69666667 | FD34: 0.31783784 | FE34: 2.1545455
D35: Laser | E35: Ground Truth | F35: 3.04 | G35: 4.01 | H35: 5.24 | I35: 5.77 | J35: 4.19 | K35: 4.38 | L35: 1.55 | M35: 2.41 | N35: 3.04 | O35: 4.01 | P35: 5.24 | Q35: 5.77 | R35: 4.19 | S35: 4.38 | T35: 1.55 | U35: 2.41 | X35: Laser | Y35: Ground Truth | Z35: 2.88 | AA35: 5.31 | AB35: 5.04 | AC35: 6.21 | AD35: 5.29 | AE35: 3.65 | AF35: 2.85 | AG35: 3.06 | AH35: 2.88 | AI35: 5.31 | AJ35: 5.04 | AK35: 6.21 | AL35: 5.29 | AM35: 3.65 | AN35: 2.85 | AO35: 3.06 | AR35: Laser | AS35: Ground Truth | AT35: 3.88 | AU35: 4.23 | AV35: 3.88 | AW35: 4.43 | AX35: 3.58 | AY35: 3.17 | AZ35: 1.72 | BA35: 1.14 | BB35: 3.88 | BC35: 4.23 | BD35: 3.88 | BE35: 4.43 | BF35: 3.58 | BG35: 3.17 | BH35: 1.72 | BI35: 1.14 | BL35: Laser | BM35: Ground Truth | BN35: 4.2 | BO35: 6.08 | BP35: 3.62 | BQ35: 5.36 | BR35: 5.44 | BS35: 1.82 | BT35: 3.76 | BU35: 2.87 | BV35: 4.2 | BW35: 6.08 | BX35: 3.62 | BY35: 5.36 | BZ35: 5.44 | CA35: 1.82 | CB35: 3.76 | CC35: 2.87 | CF35: Laser | CG35: Ground Truth | CH35: 3.04 | CI35: 4.01 | CJ35: 5.24 | CK35: 5.77 | CL35: 4.19 | CM35: 4.38 | CN35: 1.55 | CO35: 2.41 | CP35: 3.04 | CQ35: 4.01 | CR35: 5.24 | CS35: 5.77 | CT35: 4.19 | CU35: 4.38 | CV35: 1.55 | CW35: 2.41 | CZ35: Laser | DA35: Ground Truth | DB35: 2.88 | DC35: 5.31 | DD35: 5.04 | DE35: 6.21 | DF35: 5.29 | DG35: 3.65 | DH35: 2.85 | DI35: 3.06 | DJ35: 2.88 | DK35: 5.31 | DL35: 5.04 | DM35: 6.21 | DN35: 5.29 | DO35: 3.65 | DP35: 2.85 | DQ35: 3.06 | DT35: Laser | DU35: Ground Truth | DV35: 3.88 | DW35: 4.23 | DX35: 3.88 | DY35: 4.43 | DZ35: 3.58 | EA35: 3.17 | EB35: 1.72 | EC35: 1.14 | ED35: 3.88 | EE35: 4.23 | EF35: 3.88 | EG35: 4.43 | EH35: 3.58 | EI35: 3.17 | EJ35: 1.72 | EK35: 1.14 | EN35: Laser | EO35: Ground Truth | EP35: 4.2 | EQ35: 6.08 | ER35: 3.62 | ES35: 5.36 | ET35: 5.44 | EU35: 1.82 | EV35: 3.76 | EW35: 2.87 | EX35: 4.2 | EY35: 6.08 | EZ35: 3.62 | FA35: 5.36 | FB35: 5.44 | FC35: 1.82 | FD35: 3.76 | FE35: 2.87
E36: Error [m] | F36: 0.040787879 | G36: -0.37733333 | H36: -0.052 | I36: 0.26539474 | J36: -0.13477707 | K36: -0.419 | L36: -0.2010241 | M36: 0.15358108 | N36: 0.042631579 | O36: -0.37727273 | P36: -0.057575758 | Q36: 0.27638889 | R36: -0.13410256 | S36: -0.41666667 | T36: -0.19903226 | U36: 0.15666667 | Y36: Error [m] | Z36: 0.043823529 | AA36: -0.10171875 | AB36: -0.13328125 | AC36: 0.53066667 | AD36: 0.165 | AE36: -0.059180328 | AF36: -0.20796875 | AG36: -0.37 | AH36: 0.040925926 | AI36: -0.054489796 | AJ36: -0.13235294 | AK36: 0.47565217 | AL36: 0.16166667 | AM36: -0.0556 | AN36: -0.2078 | AO36: -0.38234043 | AS36: Error [m] | AT36: -0.030794979 | AU36: -0.035761317 | AV36: -0.26907563 | AW36: 0.13557377 | AX36: -0.010124481 | AY36: 0.041204819 | AZ36: 0.09 | BA36: -0.10597561 | BB36: -0.028809524 | BC36: -0.046046512 | BD36: -0.26243902 | BE36: 0.121 | BF36: -0.020697674 | BG36: 0.038333333 | BH36: 0.088139535 | BI36: -0.10857143 | BM36: Error [m] | BN36: 0.055436893 | BO36: -0.010898876 | BP36: -0.15207547 | BQ36: 0.27262626 | BR36: 0.0078217822 | BS36: -0.025140187 | BT36: 0.01255102 | BU36: -0.28287671 | BV36: 0.055217391 | BW36: -0.00023809524 | BX36: -0.15022727 | BY36: 0.24 | BZ36: 0.035652174 | CA36: -0.022653061 | CB36: 0.017954545 | CC36: -0.2759375 | CG36: Error [m] | CH36: 0.83723404 | CI36: 2.84 | CJ36: 2.7146809 | CK36: 2.4075472 | CL36: 2.7919298 | CM36: 2.8797872 | CN36: 0.28666667 | CO36: 0.538 | CP36: 0.79291667 | CQ36: 2.84 | CR36: 2.7078261 | CS36: 2.4539623 | CT36: 2.7888136 | CU36: 2.7776087 | CV36: 0.29555556 | CW36: 0.12666667 | DA36: Error [m] | DB36: 2.3420755 | DC36: 1.13 | DD36: 4.6805263 | DE36: 4.5977778 | DF36: 2.8701923 | DG36: 1.7901887 | DH36: 2.1632143 | DI36: 1.8553846 | DJ36: 2.3390741 | DK36: 1.13 | DL36: 4.6751724 | DM36: 4.602963 | DN36: 2.7486792 | DO36: 1.7841509 | DP36: 2.164386 | DQ36: 1.8484906 | DU36: Error [m] | DV36: -9.428 | DW36: 2.7657778 | DX36: 2.4861818 | DY36: 0.92032258 | DZ36: 1.8214286 | EA36: 0.646875 | EB36: 1.4908333 | EC36: 0.92363636 | ED36: -9.3908 | EE36: 2.7697872 | EF36: 2.4687719 | EG36: 0.91875 | EH36: 1.8157143 | EI36: 0.6455102 | EJ36: 1.4909804 | EK36: 0.9025 | EO36: Error [m] | EP36: 3.35 | EQ36: 5.475 | ER36: 3.4728 | ES36: 3.7963415 | ET36: 3.3996 | EU36: 1.1269565 | EV36: 3.4395 | EW36: 0.7187234 | EX36: 3.35 | EY36: 5.4973077 | EZ36: 3.4720833 | FA36: 3.8318421 | FB36: 3.3943478 | FC36: 1.1233333 | FD36: 3.4421622 | FE36: 0.71545455
E37: Error [%] | F37: 1.3599531 | G37: -8.6005166 | H37: -0.98261527 | I37: 4.8213219 | J37: -3.1163935 | K37: -8.7309856 | L37: -11.480373 | M37: 6.8064081 | N37: 1.4223003 | O37: -8.599254 | P37: -1.0868322 | Q37: 5.0310967 | R37: -3.1012808 | S37: -8.6865879 | T37: -11.379565 | U37: 6.9526627 | Y37: Error [%] | Z37: 1.5451623 | AA37: -1.8796016 | AB37: -2.5763388 | AC37: 9.3438197 | AD37: 3.2195122 | AE37: -1.5955096 | AF37: -6.8008789 | AG37: -10.787172 | AH37: 1.4415237 | AI37: -1.0157498 | AJ37: -2.5588536 | AK37: 8.2947911 | AL37: 3.1524212 | AM37: -1.5004318 | AN37: -6.7957355 | AO37: -11.106991 | AS37: Error [%] | AT37: -0.78743527 | AU37: -0.83833375 | AV37: -6.4851946 | AW37: 3.1569705 | AX37: -0.2820092 | AY37: 1.3169548 | AZ37: 5.5214724 | BA37: -8.5054321 | BB37: -0.73704087 | BC37: -1.0768478 | BD37: -6.3353745 | BE37: 2.8080761 | BF37: -0.574824 | BG37: 1.2240553 | BH37: 5.4011686 | BI37: -8.6956522 | BM37: Error [%] | BN37: 1.3375811 | BO37: -0.17893708 | BP37: -4.0316126 | BQ37: 5.3588802 | BR37: 0.14398979 | BS37: -1.3625082 | BT37: 0.33492172 | BU37: -8.9720195 | BV37: 1.3322144 | BW37: -0.0039158868 | BX37: -3.9845681 | BY37: 4.6875 | BZ37: 0.65969429 | CA37: -1.229372 | CB37: 0.47980565 | CC37: -8.7712327 | CG37: Error [%] | CH37: 38.008307 | CI37: 242.73504 | CJ37: 107.49853 | CK37: 71.60092 | CL37: 199.69883 | CM37: 191.95859 | CN37: 22.691293 | CO37: 28.739316 | CP37: 35.286482 | CQ37: 242.73504 | CR37: 106.93681 | CS37: 74.002845 | CT37: 199.0323 | CU37: 173.34147 | CV37: 23.560673 | CW37: 5.5474453 | DA37: Error [%] | DB37: 435.39109 | DC37: 27.033493 | DD37: 1302.0498 | DE37: 285.18263 | DF37: 118.61241 | DG37: 96.256467 | DH37: 314.9766 | DI37: 154.02299 | DJ37: 432.4204 | DK37: 27.033493 | DL37: 1281.4745 | DM37: 286.42544 | DN37: 108.15948 | DO37: 95.621398 | DP37: 315.68577 | DQ37: 152.57748 | DU37: Error [%] | DV37: -70.844605 | DW37: 188.89058 | DX37: 178.37203 | DY37: 26.222426 | DZ37: 103.57433 | EA37: 25.63785 | EB37: 650.54545 | EC37: 426.89076 | ED37: -70.762878 | EE37: 189.68381 | EF37: 174.93784 | EG37: 26.165895 | EH37: 102.91498 | EI37: 25.569927 | EJ37: 651.0274 | EK37: 380 | EO37: Error [%] | EP37: 394.11765 | EQ37: 904.95868 | ER37: 2359.2391 | ES37: 242.78584 | ET37: 166.61439 | EU37: 162.60979 | EV37: 1073.1669 | EW37: 33.409158 | EX37: 394.11765 | EY37: 943.43234 | EZ37: 2347.3239 | FA37: 250.7491 | FB37: 165.92986 | FC37: 161.24402 | FD37: 1082.9932 | FE37: 33.206751
D38: 3D Walk | E38: Ground Truth | F38: 2.99 | G38: 4.18 | H38: 5.28 | I38: 5.69 | J38: 4.22 | K38: 4.39 | L38: 1.62 | M38: 2.44 | N38: 2.99 | O38: 4.18 | P38: 5.28 | Q38: 5.69 | R38: 4.22 | S38: 4.39 | T38: 1.62 | U38: 2.44 | X38: 3D Walk | Y38: Ground Truth | Z38: 2.84 | AA38: 5.41 | AB38: 5.1 | AC38: 6.17 | AD38: 5.33 | AE38: 3.65 | AF38: 2.94 | AG38: 3.12 | AH38: 2.84 | AI38: 5.41 | AJ38: 5.1 | AK38: 6.17 | AL38: 5.33 | AM38: 3.65 | AN38: 2.94 | AO38: 3.12 | AR38: 3D Walk | AS38: Ground Truth | AT38: 3.86 | AU38: 4.24 | AV38: 3.37 | AW38: 4.38 | AX38: 3.57 | AY38: 3.19 | AZ38: 1.74 | BA38: 1.12 | BB38: 3.86 | BC38: 4.24 | BD38: 3.37 | BE38: 4.38 | BF38: 3.57 | BG38: 3.19 | BH38: 1.74 | BI38: 1.12 | BL38: 3D Walk | BM38: Ground Truth | BN38: 4.14 | BO38: 6.08 | BP38: 3.66 | BQ38: 5.32 | BR38: 5.44 | BS38: 1.83 | BT38: 3.76 | BU38: 2.91 | BV38: 4.14 | BW38: 6.08 | BX38: 3.66 | BY38: 5.32 | BZ38: 5.44 | CA38: 1.83 | CB38: 3.76 | CC38: 2.91 | CF38: 3D Walk | CG38: Ground Truth | CH38: 2.99 | CI38: 4.18 | CJ38: 5.28 | CK38: 5.69 | CL38: 4.22 | CM38: 4.39 | CN38: 1.62 | CO38: 2.44 | CP38: 2.99 | CQ38: 4.18 | CR38: 5.28 | CS38: 5.69 | CT38: 4.22 | CU38: 4.39 | CV38: 1.62 | CW38: 2.44 | CZ38: 3D Walk | DA38: Ground Truth | DB38: 2.84 | DC38: 5.41 | DD38: 5.1 | DE38: 6.17 | DF38: 5.33 | DG38: 3.65 | DH38: 2.94 | DI38: 3.12 | DJ38: 2.84 | DK38: 5.41 | DL38: 5.1 | DM38: 6.17 | DN38: 5.33 | DO38: 3.65 | DP38: 2.94 | DQ38: 3.12 | DT38: 3D Walk | DU38: Ground Truth | DV38: 3.86 | DW38: 4.24 | DX38: 3.37 | DY38: 4.38 | DZ38: 3.57 | EA38: 3.19 | EB38: 1.74 | EC38: 1.12 | ED38: 3.86 | EE38: 4.24 | EF38: 3.37 | EG38: 4.38 | EH38: 3.57 | EI38: 3.19 | EJ38: 1.74 | EK38: 1.12 | EN38: 3D Walk | EO38: Ground Truth | EP38: 4.14 | EQ38: 6.08 | ER38: 3.66 | ES38: 5.32 | ET38: 5.44 | EU38: 1.83 | EV38: 3.76 | EW38: 2.91 | EX38: 4.14 | EY38: 6.08 | EZ38: 3.66 | FA38: 5.32 | FB38: 5.44 | FC38: 1.83 | FD38: 3.76 | FE38: 2.91
E39: Error [m] | F39: -0.0092121212 | G39: -0.20733333 | H39: -0.012 | I39: 0.18539474 | J39: -0.10477707 | K39: -0.409 | L39: -0.1310241 | M39: 0.18358108 | N39: -0.0073684211 | O39: -0.20727273 | P39: -0.017575758 | Q39: 0.19638889 | R39: -0.10410256 | S39: -0.40666667 | T39: -0.12903226 | U39: 0.18666667 | Y39: Error [m] | Z39: 0.0038235294 | AA39: -0.00171875 | AB39: -0.07328125 | AC39: 0.49066667 | AD39: 0.205 | AE39: -0.059180328 | AF39: -0.11796875 | AG39: -0.31 | AH39: 0.00092592593 | AI39: 0.045510204 | AJ39: -0.072352941 | AK39: 0.43565217 | AL39: 0.20166667 | AM39: -0.0556 | AN39: -0.1178 | AO39: -0.32234043 | AS39: Error [m] | AT39: -0.050794979 | AU39: -0.025761317 | AV39: -0.77907563 | AW39: 0.08557377 | AX39: -0.020124481 | AY39: 0.061204819 | AZ39: 0.11 | BA39: -0.12597561 | BB39: -0.048809524 | BC39: -0.036046512 | BD39: -0.77243902 | BE39: 0.071 | BF39: -0.030697674 | BG39: 0.058333333 | BH39: 0.10813953 | BI39: -0.12857143 | BM39: Error [m] | BN39: -0.0045631068 | BO39: -0.010898876 | BP39: -0.11207547 | BQ39: 0.23262626 | BR39: 0.0078217822 | BS39: -0.015140187 | BT39: 0.01255102 | BU39: -0.24287671 | BV39: -0.0047826087 | BW39: -0.00023809524 | BX39: -0.11022727 | BY39: 0.2 | BZ39: 0.035652174 | CA39: -0.012653061 | CB39: 0.017954545 | CC39: -0.2359375 | CG39: Error [m] | CH39: 0.78723404 | CI39: 3.01 | CJ39: 2.7546809 | CK39: 2.3275472 | CL39: 2.8219298 | CM39: 2.8897872 | CN39: 0.35666667 | CO39: 0.568 | CP39: 0.74291667 | CQ39: 3.01 | CR39: 2.7478261 | CS39: 2.3739623 | CT39: 2.8188136 | CU39: 2.7876087 | CV39: 0.36555556 | CW39: 0.15666667 | DA39: Error [m] | DB39: 2.3020755 | DC39: 1.23 | DD39: 4.7405263 | DE39: 4.5577778 | DF39: 2.9101923 | DG39: 1.7901887 | DH39: 2.2532143 | DI39: 1.9153846 | DJ39: 2.2990741 | DK39: 1.23 | DL39: 4.7351724 | DM39: 4.562963 | DN39: 2.7886792 | DO39: 1.7841509 | DP39: 2.254386 | DQ39: 1.9084906 | DU39: Error [m] | DV39: -9.448 | DW39: 2.7757778 | DX39: 1.9761818 | DY39: 0.87032258 | DZ39: 1.8114286 | EA39: 0.666875 | EB39: 1.5108333 | EC39: 0.90363636 | ED39: -9.4108 | EE39: 2.7797872 | EF39: 1.9587719 | EG39: 0.86875 | EH39: 1.8057143 | EI39: 0.6655102 | EJ39: 1.5109804 | EK39: 0.8825 | EO39: Error [m] | EP39: 3.29 | EQ39: 5.475 | ER39: 3.5128 | ES39: 3.7563415 | ET39: 3.3996 | EU39: 1.1369565 | EV39: 3.4395 | EW39: 0.7587234 | EX39: 3.29 | EY39: 5.4973077 | EZ39: 3.5120833 | FA39: 3.7918421 | FB39: 3.3943478 | FC39: 1.1333333 | FD39: 3.4421622 | FE39: 0.75545455
E40: Error [%] | F40: -0.30715137 | G40: -4.7257256 | H40: -0.22675737 | I40: 3.3679933 | J40: -2.4227161 | K40: -8.5226089 | L40: -7.4827124 | M40: 8.1359485 | N40: -0.24582968 | O40: -4.7244094 | P40: -0.33176982 | Q40: 3.5748597 | R40: -2.4074953 | S40: -8.4781098 | T40: -7.3773515 | U40: 8.2840237 | Y40: Error [%] | Z40: 0.13481282 | AA40: -0.031759781 | AB40: -1.4165333 | AC40: 8.6395117 | AD40: 4 | AE40: -1.5955096 | AF40: -3.8577487 | AG40: -9.0379009 | AH40: 0.032613659 | AI40: 0.84836034 | AJ40: -1.39884 | AK40: 7.5972401 | AL40: 3.9324017 | AM40: -1.5004318 | AN40: -3.8524429 | AO40: -9.3639904 | AS40: Error [%] | AT40: -1.2988402 | AU40: -0.60390901 | AV40: -18.777089 | AW40: 1.9926706 | AX40: -0.56055107 | AY40: 1.9561785 | AZ40: 6.7484663 | BA40: -10.1106 | BB40: -1.2487056 | BC40: -0.84298689 | BD40: -18.646962 | BE40: 1.6477141 | BF40: -0.85254796 | BG40: 1.8626929 | BH40: 6.6267636 | BI40: -10.297483 | BM40: Error [%] | BN40: -0.11009862 | BO40: -0.17893708 | BP40: -2.9711885 | BQ40: 4.5726199 | BR40: 0.14398979 | BS40: -0.82054399 | BT40: 0.33492172 | BU40: -7.7033368 | BV40: -0.11538865 | BW40: -0.0039158868 | BX40: -2.9236241 | BY40: 3.90625 | BZ40: 0.65969429 | CA40: -0.68667627 | CB40: 0.47980565 | CC40: -7.4997517 | CG40: Error [%] | CH40: 35.738433 | CI40: 257.26496 | CJ40: 109.08248 | CK40: 69.221705 | CL40: 201.84465 | CM40: 192.62516 | CN40: 28.23219 | CO40: 30.34188 | CP40: 33.061376 | CQ40: 257.26496 | CR40: 108.51648 | CS40: 71.590327 | CT40: 201.17334 | CU40: 173.96554 | CV40: 29.140833 | CW40: 6.8613139 | DA40: Error [%] | DB40: 427.9551 | DC40: 29.425837 | DD40: 1318.7408 | DE40: 282.70159 | DF40: 120.26544 | DG40: 96.256467 | DH40: 328.08112 | DI40: 159.00383 | DJ40: 425.02568 | DK40: 29.425837 | DL40: 1297.9206 | DM40: 283.93639 | DN40: 109.73346 | DO40: 95.621398 | DP40: 328.81269 | DQ40: 157.52998 | DU40: Error [%] | DV40: -70.99489 | DW40: 189.57353 | DX40: 141.78189 | DY40: 24.797794 | DZ40: 103.00569 | EA40: 26.430518 | EB40: 659.27273 | EC40: 417.64706 | ED40: -70.913585 | EE40: 190.36864 | EF40: 138.7991 | EG40: 24.741901 | EH40: 102.34818 | EI40: 26.362167 | EJ40: 659.76027 | EK40: 371.57895 | EO40: Error [%] | EP40: 387.05882 | EQ40: 904.95868 | ER40: 2386.413 | ES40: 240.22773 | ET40: 166.61439 | EU40: 164.0527 | EV40: 1073.1669 | EW40: 35.268519 | EX40: 387.05882 | EY40: 943.43234 | EZ40: 2374.3662 | FA40: 248.13157 | FB40: 165.92986 | FC40: 162.67943 | FD40: 1082.9932 | FE40: 35.063291
D41: 3D Model | E41: Ground Truth | F41: 2.99 | G41: 4.19 | H41: 5.3 | I41: 5.73 | J41: 4.24 | K41: 4.45 | L41: 1.61 | M41: 2.42 | N41: 2.99 | O41: 4.19 | P41: 5.3 | Q41: 5.73 | R41: 4.24 | S41: 4.45 | T41: 1.61 | U41: 2.42 | X41: 3D Model | Y41: Ground Truth | Z41: 2.88 | AA41: 5.38 | AB41: 5.1 | AC41: 6.21 | AD41: 5.33 | AE41: 3.71 | AF41: 2.87 | AG41: 3.05 | AH41: 2.88 | AI41: 5.38 | AJ41: 5.1 | AK41: 6.21 | AL41: 5.33 | AM41: 3.71 | AN41: 2.87 | AO41: 3.05 | AR41: 3D Model | AS41: Ground Truth | AT41: 3.83 | AU41: 4.29 | AV41: 3.95 | AW41: 4.43 | AX41: 3.64 | AY41: 3.23 | AZ41: 1.7 | BA41: 1.13 | BB41: 3.83 | BC41: 4.29 | BD41: 3.95 | BE41: 4.43 | BF41: 3.64 | BG41: 3.23 | BH41: 1.7 | BI41: 1.13 | BL41: 3D Model | BM41: Ground Truth | BN41: 4.19 | BO41: 6.13 | BP41: 3.69 | BQ41: 5.35 | BR41: 5.49 | BS41: 1.85 | BT41: 3.72 | BU41: 2.9 | BV41: 4.19 | BW41: 6.13 | BX41: 3.69 | BY41: 5.35 | BZ41: 5.49 | CA41: 1.85 | CB41: 3.72 | CC41: 2.9 | CF41: 3D Model | CG41: Ground Truth | CH41: 2.99 | CI41: 4.19 | CJ41: 5.3 | CK41: 5.73 | CL41: 4.24 | CM41: 4.45 | CN41: 1.61 | CO41: 2.42 | CP41: 2.99 | CQ41: 4.19 | CR41: 5.3 | CS41: 5.73 | CT41: 4.24 | CU41: 4.45 | CV41: 1.61 | CW41: 2.42 | CZ41: 3D Model | DA41: Ground Truth | DB41: 2.88 | DC41: 5.38 | DD41: 5.1 | DE41: 6.21 | DF41: 5.33 | DG41: 3.71 | DH41: 2.87 | DI41: 3.05 | DJ41: 2.88 | DK41: 5.38 | DL41: 5.1 | DM41: 6.21 | DN41: 5.33 | DO41: 3.71 | DP41: 2.87 | DQ41: 3.05 | DT41: 3D Model | DU41: Ground Truth | DV41: 3.83 | DW41: 4.29 | DX41: 3.95 | DY41: 4.43 | DZ41: 3.64 | EA41: 3.23 | EB41: 1.7 | EC41: 1.13 | ED41: 3.83 | EE41: 4.29 | EF41: 3.95 | EG41: 4.43 | EH41: 3.64 | EI41: 3.23 | EJ41: 1.7 | EK41: 1.13 | EN41: 3D Model | EO41: Ground Truth | EP41: 4.19 | EQ41: 6.13 | ER41: 3.69 | ES41: 5.35 | ET41: 5.49 | EU41: 1.85 | EV41: 3.72 | EW41: 2.9 | EX41: 4.19 | EY41: 6.13 | EZ41: 3.69 | FA41: 5.35 | FB41: 5.49 | FC41: 1.85 | FD41: 3.72 | FE41: 2.9
E42: Error [m] | F42: -0.0092121212 | G42: -0.19733333 | H42: 0.008 | I42: 0.22539474 | J42: -0.08477707 | K42: -0.349 | L42: -0.1410241 | M42: 0.16358108 | N42: -0.0073684211 | O42: -0.19727273 | P42: 0.0024242424 | Q42: 0.23638889 | R42: -0.084102564 | S42: -0.34666667 | T42: -0.13903226 | U42: 0.16666667 | Y42: Error [m] | Z42: 0.043823529 | AA42: -0.03171875 | AB42: -0.07328125 | AC42: 0.53066667 | AD42: 0.205 | AE42: 0.00081967213 | AF42: -0.18796875 | AG42: -0.38 | AH42: 0.040925926 | AI42: 0.015510204 | AJ42: -0.072352941 | AK42: 0.47565217 | AL42: 0.20166667 | AM42: 0.0044 | AN42: -0.1878 | AO42: -0.39234043 | AS42: Error [m] | AT42: -0.080794979 | AU42: 0.024238683 | AV42: -0.19907563 | AW42: 0.13557377 | AX42: 0.049875519 | AY42: 0.10120482 | AZ42: 0.07 | BA42: -0.11597561 | BB42: -0.078809524 | BC42: 0.013953488 | BD42: -0.19243902 | BE42: 0.121 | BF42: 0.039302326 | BG42: 0.098333333 | BH42: 0.068139535 | BI42: -0.11857143 | BM42: Error [m] | BN42: 0.045436893 | BO42: 0.039101124 | BP42: -0.082075472 | BQ42: 0.26262626 | BR42: 0.057821782 | BS42: 0.0048598131 | BT42: -0.02744898 | BU42: -0.25287671 | BV42: 0.045217391 | BW42: 0.049761905 | BX42: -0.080227273 | BY42: 0.23 | BZ42: 0.085652174 | CA42: 0.0073469388 | CB42: -0.022045455 | CC42: -0.2459375 | CG42: Error [m] | CH42: 0.78723404 | CI42: 3.02 | CJ42: 2.7746809 | CK42: 2.3675472 | CL42: 2.8419298 | CM42: 2.9497872 | CN42: 0.34666667 | CO42: 0.548 | CP42: 0.74291667 | CQ42: 3.02 | CR42: 2.7678261 | CS42: 2.4139623 | CT42: 2.8388136 | CU42: 2.8476087 | CV42: 0.35555556 | CW42: 0.13666667 | DA42: Error [m] | DB42: 2.3420755 | DC42: 1.2 | DD42: 4.7405263 | DE42: 4.5977778 | DF42: 2.9101923 | DG42: 1.8501887 | DH42: 2.1832143 | DI42: 1.8453846 | DJ42: 2.3390741 | DK42: 1.2 | DL42: 4.7351724 | DM42: 4.602963 | DN42: 2.7886792 | DO42: 1.8441509 | DP42: 2.184386 | DQ42: 1.8384906 | DU42: Error [m] | DV42: -9.478 | DW42: 2.8257778 | DX42: 2.5561818 | DY42: 0.92032258 | DZ42: 1.8814286 | EA42: 0.706875 | EB42: 1.4708333 | EC42: 0.91363636 | ED42: -9.4408 | EE42: 2.8297872 | EF42: 2.5387719 | EG42: 0.91875 | EH42: 1.8757143 | EI42: 0.7055102 | EJ42: 1.4709804 | EK42: 0.8925 | EO42: Error [m] | EP42: 3.34 | EQ42: 5.525 | ER42: 3.5428 | ES42: 3.7863415 | ET42: 3.4496 | EU42: 1.1569565 | EV42: 3.3995 | EW42: 0.7487234 | EX42: 3.34 | EY42: 5.5473077 | EZ42: 3.5420833 | FA42: 3.8218421 | FB42: 3.4443478 | FC42: 1.1533333 | FD42: 3.4021622 | FE42: 0.74545455
E43: Error [%] | F43: -0.30715137 | G43: -4.4977967 | H43: 0.15117158 | I43: 4.0946576 | J43: -1.9602645 | K43: -7.2723484 | L43: -8.0538067 | M43: 7.2495883 | N43: -0.24582968 | O43: -4.4964774 | P43: 0.045761355 | Q43: 4.3029782 | R43: -1.9449715 | S43: -7.2272411 | T43: -7.9490963 | U43: 7.3964497 | Y43: Error [%] | Z43: 1.5451623 | AA43: -0.58611231 | AB43: -1.4165333 | AC43: 9.3438197 | AD43: 4 | AE43: 0.022098471 | AF43: -6.1468499 | AG43: -11.078717 | AH43: 1.4415237 | AI43: 0.28912729 | AJ43: -1.39884 | AK43: 8.2947911 | AL43: 3.9324017 | AM43: 0.11873921 | AN43: -6.1416705 | AO43: -11.397491 | AS43: Error [%] | AT43: -2.0659477 | AU43: 0.56821471 | AV43: -4.7980719 | AW43: 3.1569705 | AX43: 1.389242 | AY43: 3.2346259 | AZ43: 4.2944785 | BA43: -9.3080161 | BB43: -2.0162027 | BC43: 0.32631751 | BD43: -4.6455488 | BE43: 2.8080761 | BF43: 1.0915197 | BG43: 3.1399681 | BH43: 4.1755736 | BI43: -9.4965675 | BM43: Error [%] | BN43: 1.0963012 | BO43: 0.64195982 | BP43: -2.1758703 | BQ43: 5.1623151 | BR43: 1.0644309 | BS43: 0.26338449 | BT43: -0.73247107 | BU43: -8.0205075 | BV43: 1.0909472 | BW43: 0.81842033 | BX43: -2.1279161 | BY43: 4.4921875 | BZ43: 1.5848753 | CA43: 0.39871525 | CB43: -0.58912845 | CC43: -7.8176219 | CG43: Error [%] | CH43: 35.738433 | CI43: 258.11966 | CJ43: 109.87446 | CK43: 70.411312 | CL43: 203.27519 | CM43: 196.62459 | CN43: 27.440633 | CO43: 29.273504 | CP43: 33.061376 | CQ43: 258.11966 | CR43: 109.30632 | CS43: 72.796586 | CT43: 202.6007 | CU43: 177.70994 | CV43: 28.343667 | CW43: 5.9854015 | DA43: Error [%] | DB43: 435.39109 | DC43: 28.708134 | DD43: 1318.7408 | DE43: 285.18263 | DF43: 120.26544 | DG43: 99.482601 | DH43: 317.88872 | DI43: 153.19285 | DJ43: 432.4204 | DK43: 28.708134 | DL43: 1297.9206 | DM43: 286.42544 | DN43: 109.73346 | DO43: 98.837092 | DP43: 318.60287 | DQ43: 151.75206 | DU43: Error [%] | DV43: -71.220319 | DW43: 192.98831 | DX43: 183.39421 | DY43: 26.222426 | DZ43: 106.98619 | EA43: 28.015853 | EB43: 641.81818 | EC43: 422.26891 | ED43: -71.139645 | EE43: 193.7928 | EF43: 179.89806 | EG43: 26.165895 | EH43: 106.31579 | EI43: 27.946645 | EJ43: 642.29452 | EK43: 375.78947 | EO43: Error [%] | EP43: 392.94118 | EQ43: 913.22314 | ER43: 2406.7935 | ES43: 242.14631 | ET43: 169.06489 | EU43: 166.93852 | EV43: 1060.6864 | EW43: 34.803679 | EX43: 392.94118 | EY43: 952.0132 | EZ43: 2394.6479 | FA43: 250.09471 | FB43: 168.37407 | FC43: 165.55024 | FD43: 1070.4082 | FE43: 34.599156
C47: Experiment 2 - Tracker 1 - UWB 1 | F47: MQTT | N47: Matter | W47: Experiment 2 - Tracker 2 - UWB 2 | Z47: MQTT | AH47: Matter | AQ47: Experiment 2 - Tracker 3 - UWB 3 | AT47: MQTT | BB47: Matter | BK47: Experiment 2 - Tracker 4 - UWB 4 | BN47: MQTT | BV47: Matter | CE47: Experiment 2 - Tracker 5 - BLE 1 | CH47: MQTT | CP47: Matter | CY47: Experiment 2 - Tracker 6 - BLE 2 | DB47: MQTT | DJ47: Matter | DS47: Experiment 2 - Tracker 7 - BLE 3 | DV47: MQTT | ED47: Matter | EM47: Experiment 2 - Tracker 8 - BLE 4 | EP47: MQTT | EX47: Matter
C48: Vol. | D48: Ground Truth Source | F48: A1 | G48: A2 | H48: A3 | I48: A4 | J48: A5 | K48: A6 | L48: A7 | M48: A8 | N48: A1 | O48: A2 | P48: A3 | Q48: A4 | R48: A5 | S48: A6 | T48: A7 | U48: A8 | W48: Vol. | X48: Ground Truth Source | Z48: A1 | AA48: A2 | AB48: A3 | AC48: A4 | AD48: A5 | AE48: A6 | AF48: A7 | AG48: A8 | AH48: A1 | AI48: A2 | AJ48: A3 | AK48: A4 | AL48: A5 | AM48: A6 | AN48: A7 | AO48: A8 | AQ48: Vol. | AR48: Ground Truth Source | AT48: A1 | AU48: A2 | AV48: A3 | AW48: A4 | AX48: A5 | AY48: A6 | AZ48: A7 | BA48: A8 | BB48: A1 | BC48: A2 | BD48: A3 | BE48: A4 | BF48: A5 | BG48: A6 | BH48: A7 | BI48: A8 | BK48: Vol. | BL48: Ground Truth Source | BN48: A1 | BO48: A2 | BP48: A3 | BQ48: A4 | BR48: A5 | BS48: A6 | BT48: A7 | BU48: A8 | BV48: A1 | BW48: A2 | BX48: A3 | BY48: A4 | BZ48: A5 | CA48: A6 | CB48: A7 | CC48: A8 | CE48: Vol. | CF48: Ground Truth Source | CH48: A1 | CI48: A2 | CJ48: A3 | CK48: A4 | CL48: A5 | CM48: A6 | CN48: A7 | CO48: A8 | CP48: A1 | CQ48: A2 | CR48: A3 | CS48: A4 | CT48: A5 | CU48: A6 | CV48: A7 | CW48: A8 | CY48: Vol. | CZ48: Ground Truth Source | DB48: A1 | DC48: A2 | DD48: A3 | DE48: A4 | DF48: A5 | DG48: A6 | DH48: A7 | DI48: A8 | DJ48: A1 | DK48: A2 | DL48: A3 | DM48: A4 | DN48: A5 | DO48: A6 | DP48: A7 | DQ48: A8 | DS48: Vol. | DT48: Ground Truth Source | DV48: A1 | DW48: A2 | DX48: A3 | DY48: A4 | DZ48: A5 | EA48: A6 | EB48: A7 | EC48: A8 | ED48: A1 | EE48: A2 | EF48: A3 | EG48: A4 | EH48: A5 | EI48: A6 | EJ48: A7 | EK48: A8 | EM48: Vol. | EN48: Ground Truth Source | EP48: A1 | EQ48: A2 | ER48: A3 | ES48: A4 | ET48: A5 | EU48: A6 | EV48: A7 | EW48: A8 | EX48: A1 | EY48: A2 | EZ48: A3 | FA48: A4 | FB48: A5 | FC48: A6 | FD48: A7 | FE48: A8
C49: 1 | D49: Mean unfiltered value | F49: 5.3723529 | G49: 5.5708824 | H49: 2.3058824 | I49: 3.6777941 | J49: 4.4222388 | K49: 1.2285294 | L49: 3.7223881 | N49: 5.3217778 | O49: 5.7068889 | P49: 2.3135556 | Q49: 3.6784444 | R49: 4.5511111 | S49: 1.2444444 | T49: 3.7161364 | W49: 1 | X49: Mean unfiltered value | Z49: 5.9598039 | AA49: 4.8902614 | AB49: 2.185 | AC49: 2.4537013 | AD49: 3.6361688 | AE49: 2.9421429 | AF49: 3.7513636 | AG49: 2.5822794 | AH49: 5.9942222 | AI49: 4.8252273 | AJ49: 2.1626667 | AK49: 2.3937778 | AL49: 3.5757778 | AM49: 2.8497778 | AN49: 3.7153333 | AO49: 2.6197368 | AQ49: 1 | AR49: Mean unfiltered value | AT49: 5.8569231 | AU49: 3.6764088 | AV49: 3.1860556 | AW49: 2.3239011 | AX49: 2.154011 | AY49: 3.7545304 | AZ49: 2.4357692 | BA49: 1.3111047 | BB49: 5.694 | BC49: 3.5702 | BD49: 3.1453061 | BE49: 2.3436 | BF49: 2.1762 | BG49: 3.6222449 | BH49: 2.4396 | BI49: 1.3202128 | BK49: 1 | BL49: Mean unfiltered value | BN49: 6.7310417 | BO49: 3.5661458 | BP49: 4.4568449 | BQ49: 2.5788542 | BR49: 1.9115625 | BS49: 4.9951042 | BT49: 3.0993194 | BU49: 2.0998958 | BV49: 6.5986667 | BW49: 3.6282222 | BX49: 4.4807143 | BY49: 2.6097778 | BZ49: 1.9355556 | CA49: 4.944 | CB49: 3.1168182 | CC49: 2.0586667 | CE49: 1 | CF49: Mean unfiltered value | CH49: 4.9374576 | CI49: 1.0272414 | CJ49: 1.0898305 | CK49: 6.9752542 | CL49: 0.67661017 | CM49: 0.14338983 | CN49: 3.8229091 | CO49: 1.2715254 | CP49: 5.1406667 | CQ49: 1.0653333 | CR49: 1.2173333 | CS49: 7.0293333 | CT49: 0.696 | CU49: 0.13933333 | CV49: 3.6585714 | CW49: 1.2893333 | CY49: 1 | CZ49: Mean unfiltered value | DB49: 1.174878 | DC49: 0.25862745 | DD49: 0.37084746 | DE49: 1.3054717 | DF49: 0.35254237 | DG49: 0.79084746 | DH49: 0.87555556 | DI49: 0.82067797 | DJ49: 1.17 | DK49: 0.554 | DL49: 0.286 | DM49: 1.74 | DN49: 0.37 | DO49: 0.632 | DP49: 1.148 | DQ49: 0.77 | DS49: 1 | DT49: Mean unfiltered value | DV49: 5.689322 | DW49: 3.1752083 | DX49: 1.1969492 | DY49: 1.4989655 | DZ49: 0.6162069 | EA49: 0.67 | EB49: 0.33152542 | EC49: 0.27372881 | ED49: 6.626 | EE49: 2.4833333 | EF49: 1.134 | EG49: 1.562 | EH49: 0.566 | EI49: 0.804 | EJ49: 0.334 | EK49: 0.298 | EM49: 1 | EN49: Mean unfiltered value | EP49: 6.8555932 | EQ49: 0.6779661 | ER49: 0.79538462 | ES49: 2.2392683 | ET49: 0.2079661 | EU49: 2.5265306 | EV49: 0.61470588 | EW49: 0.63981481 | EX49: 6.9868333 | EY49: 0.67333333 | EZ49: 0.779 | FA49: 2.2883333 | FB49: 0.211 | FC49: 2.492 | FD49: 0.61210526 | FE49: 0.63910714
D50: Standard deviation | F50: 0.46084678 | G50: 0.98035668 | H50: 0.51924503 | I50: 0.56695743 | J50: 0.82722485 | K50: 0.139255 | L50: 0.8507575 | N50: 0.55962404 | O50: 0.75279574 | P50: 0.49657116 | Q50: 0.55826698 | R50: 0.65920566 | S50: 0.093608061 | T50: 0.87597534 | X50: Standard deviation | Z50: 1.1943141 | AA50: 1.1833767 | AB50: 0.28477435 | AC50: 0.32798074 | AD50: 0.55258683 | AE50: 0.52752419 | AF50: 0.61515183 | AG50: 0.55470311 | AH50: 1.0783805 | AI50: 1.2872513 | AJ50: 0.30407163 | AK50: 0.49491768 | AL50: 0.69786178 | AM50: 0.69959826 | AN50: 0.59062528 | AO50: 0.6537563 | AR50: Standard deviation | AT50: 1.1428494 | AU50: 0.67790124 | AV50: 0.50587163 | AW50: 0.49230747 | AX50: 0.32289532 | AY50: 0.65057767 | AZ50: 0.33284028 | BA50: 0.13859952 | BB50: 1.3653219 | BC50: 0.89613724 | BD50: 0.58652245 | BE50: 0.46671944 | BF50: 0.26121171 | BG50: 0.92819391 | BH50: 0.29442799 | BI50: 0.10024416 | BL50: Standard deviation | BN50: 1.0396198 | BO50: 0.64791472 | BP50: 0.67933452 | BQ50: 0.3960439 | BR50: 0.15328234 | BS50: 0.94493716 | BT50: 0.42344642 | BU50: 0.69129558 | BV50: 1.0951095 | BW50: 0.53177392 | BX50: 0.74176878 | BY50: 0.38773696 | BZ50: 0.043079026 | CA50: 1.1033452 | CB50: 0.33649782 | CC50: 0.6499559 | CF50: Standard deviation | CH50: 1.1092165 | CI50: 0.47944218 | CJ50: 0.48386331 | CK50: 1.1680323 | CL50: 0.083597303 | CM50: 0.015580319 | CN50: 1.7142639 | CO50: 1.2311753 | CP50: 0.86623682 | CQ50: 0.55318311 | CR50: 0.40537171 | CS50: 0.5129713 | CT50: 0.07059745 | CU50: 0.017688666 | CV50: 1.5943689 | CW50: 1.2838352 | CZ50: Standard deviation | DB50: 0.030851489 | DC50: 0.30954121 | DD50: 0.18466909 | DE50: 0.78642628 | DF50: 0.086643498 | DG50: 0.90329958 | DH50: 0.5727247 | DI50: 0.48032074 | DJ50: 0 | DK50: 0.50301491 | DL50: 0.12737347 | DM50: 1.1323604 | DN50: 0.08 | DO50: 0.62929802 | DP50: 0.94727821 | DQ50: 0.16 | DT50: Standard deviation | DV50: 2.8287626 | DW50: 1.8924411 | DX50: 0.44817617 | DY50: 0.1845095 | DZ50: 0.27358304 | EA50: 0.21576862 | EB50: 0.06724137 | EC50: 0.075641848 | ED50: 2.508 | EE50: 1.1742894 | EF50: 0.37997895 | EG50: 0.096 | EH50: 0.044090815 | EI50: 0.092 | EJ50: 0.062161081 | EK50: 0.064 | EN50: Standard deviation | EP50: 2.3172875 | EQ50: 0.15997648 | ER50: 0.074277586 | ES50: 1.9576222 | ET50: 0.08730969 | EU50: 0.79346965 | EV50: 0.27474304 | EW50: 0.77509018 | EX50: 2.231151 | EY50: 0.15881506 | EZ50: 0.07751774 | FA50: 1.9544892 | FB50: 0.089660471 | FC50: 0.79800251 | FD50: 0.27333378 | FE50: 0.76237242
D51: Mean filtered value | F51: 5.4692308 | G51: 5.8483871 | H51: 2.4645161 | I51: 3.796 | J51: 4.6433871 | K51: 1.2570769 | L51: 4.0456897 | N51: 5.4680952 | O51: 5.8506977 | P51: 2.4660976 | Q51: 3.7934884 | R51: 4.65 | S51: 1.2584091 | T51: 4.0502632 | X51: Mean filtered value | Z51: 6.2723944 | AA51: 5.2747059 | AB51: 2.2525 | AC51: 2.5243836 | AD51: 3.7756643 | AE51: 3.0917857 | AF51: 3.9306475 | AG51: 2.5888696 | AH51: 6.2435714 | AI51: 5.2955263 | AJ51: 2.2546341 | AK51: 2.5238095 | AL51: 3.7836585 | AM51: 3.075 | AN51: 3.9274359 | AO51: 2.6233333 | AR51: Mean filtered value | AT51: 6.170479 | AU51: 3.8646386 | AV51: 3.317006 | AW51: 2.4619162 | AX51: 2.2237209 | AY51: 3.9161078 | AZ51: 2.5021387 | BA51: 1.2833571 | BB51: 6.1715909 | BC51: 3.8622222 | BD51: 3.3035556 | BE51: 2.4680435 | BF51: 2.2245833 | BG51: 3.8944444 | BH51: 2.5042553 | BI51: 1.2906667 | BL51: Mean filtered value | BN51: 7.0181977 | BO51: 3.7383051 | BP51: 4.6097159 | BQ51: 2.6923429 | BR51: 1.9325946 | BS51: 5.2550286 | BT51: 3.1847802 | BU51: 2.3232653 | BV51: 6.8629268 | BW51: 3.7464286 | BX51: 4.63075 | BY51: 2.6927907 | BZ51: 1.9360714 | CA51: 5.2680488 | CB51: 3.1883333 | CC51: 2.3308824 | CF51: Mean filtered value | CH51: 5.3980435 | CI51: 0.92563636 | CJ51: 1.3518182 | CK51: 7.1677193 | CL51: 0.71804348 | CM51: 0.14568627 | CN51: 4.69325 | CO51: 0.78745098 | CP51: 5.5275 | CQ51: 0.92428571 | CR51: 1.3730769 | CS51: 6.72 | CT51: 0.73 | CU51: 0.14454545 | CV51: 4.4245455 | CW51: 0.79 | CZ51: Mean filtered value | DB51: 1.17 | DC51: 0.13818182 | DD51: 0.38866667 | DE51: 0.84692308 | DF51: 0.31333333 | DG51: 0.35914894 | DH51: 0.73803922 | DI51: 0.71785714 | DJ51: 1.17 | DK51: 0.14333333 | DL51: 0.39 | DM51: 1.285 | DN51: 0.33 | DO51: 0.3175 | DP51: 0.675 | DQ51: 0.85 | DT51: Mean filtered value | DV51: 7.619 | DW51: 3.2302439 | DX51: 1.3790909 | DY51: 1.594 | DZ51: 0.58157895 | EA51: 0.8372 | EB51: 0.30688889 | EC51: 0.309 | ED51: 7.88 | EE51: 3.3 | EF51: 1.32 | EG51: 1.61 | EH51: 0.53 | EI51: 0.85 | EJ51: 0.305 | EK51: 0.33 | EN51: Mean filtered value | EP51: 6.6168 | EQ51: 0.63854545 | ER51: 0.81 | ES51: 1.7372222 | ET51: 0.1742 | EU51: 2.8364286 | EV51: 0.78555556 | EW51: 0.45588235 | EX51: 6.6380392 | EY51: 0.63428571 | EZ51: 0.79666667 | FA51: 1.8064865 | FB51: 0.1742 | FC51: 2.8257143 | FD51: 0.792 | FE51: 0.46207547
D52: Laser | E52: Ground Truth | F52: 5.47 | G52: 5.98 | H52: 2.41 | I52: 3.91 | J52: 4.76 | K52: 1.37 | L52: 3.98 | N52: 5.47 | O52: 5.98 | P52: 2.41 | Q52: 3.91 | R52: 4.76 | S52: 1.37 | T52: 3.98 | X52: Laser | Y52: Ground Truth | Z52: 6.21 | AA52: 5.41 | AB52: 2.44 | AC52: 2.67 | AD52: 3.8 | AE52: 2.61 | AF52: 3.86 | AG52: 2.19 | AH52: 6.21 | AI52: 5.41 | AJ52: 2.44 | AK52: 2.67 | AL52: 3.8 | AM52: 2.61 | AN52: 3.86 | AO52: 2.19 | AR52: Laser | AS52: Ground Truth | AT52: 5.71 | AU52: 3.97 | AV52: 3.55 | AW52: 2.71 | AX52: 2.3 | AY52: 4.01 | AZ52: 2.54 | BA52: 1.22 | BB52: 5.71 | BC52: 3.97 | BD52: 3.55 | BE52: 2.71 | BF52: 2.3 | BG52: 4.01 | BH52: 2.54 | BI52: 1.22 | BL52: Laser | BM52: Ground Truth | BN52: 6.5 | BO52: 3.73 | BP52: 4.44 | BQ52: 2.73 | BR52: 1.77 | BS52: 5.11 | BT52: 3.05 | BU52: 2.21 | BV52: 6.5 | BW52: 3.73 | BX52: 4.44 | BY52: 2.73 | BZ52: 1.77 | CA52: 5.11 | CB52: 3.05 | CC52: 2.21 | CF52: Laser | CG52: Ground Truth | CH52: 5.47 | CI52: 5.98 | CJ52: 2.41 | CK52: 3.91 | CL52: 4.76 | CM52: 1.37 | CN52: 3.98 | CO52: 2.46 | CP52: 5.47 | CQ52: 5.98 | CR52: 2.41 | CS52: 3.91 | CT52: 4.76 | CU52: 1.37 | CV52: 3.98 | CW52: 2.46 | CZ52: Laser | DA52: Ground Truth | DB52: 6.21 | DC52: 5.41 | DD52: 2.44 | DE52: 2.67 | DF52: 3.8 | DG52: 2.61 | DH52: 3.86 | DI52: 2.19 | DJ52: 6.21 | DK52: 5.41 | DL52: 2.44 | DM52: 2.67 | DN52: 3.8 | DO52: 2.61 | DP52: 3.86 | DQ52: 2.19 | DT52: Laser | DU52: Ground Truth | DV52: 5.71 | DW52: 3.97 | DX52: 3.55 | DY52: 2.71 | DZ52: 2.3 | EA52: 4.01 | EB52: 2.54 | EC52: 1.22 | ED52: 5.71 | EE52: 3.97 | EF52: 3.55 | EG52: 2.71 | EH52: 2.3 | EI52: 4.01 | EJ52: 2.54 | EK52: 1.22 | EN52: Laser | EO52: Ground Truth | EP52: 6.5 | EQ52: 3.73 | ER52: 4.44 | ES52: 2.73 | ET52: 1.77 | EU52: 5.11 | EV52: 3.05 | EW52: 2.21 | EX52: 6.5 | EY52: 3.73 | EZ52: 4.44 | FA52: 2.73 | FB52: 1.77 | FC52: 5.11 | FD52: 3.05 | FE52: 2.21
E53: Error [m] | F53: 0.00076923077 | G53: 0.1316129 | H53: -0.054516129 | I53: 0.114 | J53: 0.1166129 | K53: 0.11292308 | L53: -0.065689655 | N53: 0.0019047619 | O53: 0.12930233 | P53: -0.056097561 | Q53: 0.11651163 | R53: 0.11 | S53: 0.11159091 | T53: -0.070263158 | Y53: Error [m] | Z53: -0.062394366 | AA53: 0.13529412 | AB53: 0.1875 | AC53: 0.14561644 | AD53: 0.024335664 | AE53: -0.48178571 | AF53: -0.070647482 | AG53: -0.39886957 | AH53: -0.033571429 | AI53: 0.11447368 | AJ53: 0.18536585 | AK53: 0.14619048 | AL53: 0.016341463 | AM53: -0.465 | AN53: -0.067435897 | AO53: -0.43333333 | AS53: Error [m] | AT53: -0.46047904 | AU53: 0.10536145 | AV53: 0.23299401 | AW53: 0.24808383 | AX53: 0.07627907 | AY53: 0.093892216 | AZ53: 0.037861272 | BA53: -0.063357143 | BB53: -0.46159091 | BC53: 0.10777778 | BD53: 0.24644444 | BE53: 0.24195652 | BF53: 0.075416667 | BG53: 0.11555556 | BH53: 0.035744681 | BI53: -0.070666667 | BM53: Error [m] | BN53: -0.51819767 | BO53: -0.0083050847 | BP53: -0.16971591 | BQ53: 0.037657143 | BR53: -0.16259459 | BS53: -0.14502857 | BT53: -0.13478022 | BU53: -0.11326531 | BV53: -0.36292683 | BW53: -0.016428571 | BX53: -0.19075 | BY53: 0.037209302 | BZ53: -0.16607143 | CA53: -0.15804878 | CB53: -0.13833333 | CC53: -0.12088235 | CG53: Error [m] | CH53: 0.071956522 | CI53: 5.0543636 | CJ53: 1.0581818 | CK53: -3.2577193 | CL53: 4.0419565 | CM53: 1.2243137 | CN53: -0.71325 | CO53: 1.672549 | CP53: -0.0575 | CQ53: 5.0557143 | CR53: 1.0369231 | CS53: -2.81 | CT53: 4.03 | CU53: 1.2254545 | CV53: -0.44454545 | CW53: 1.67 | DA53: Error [m] | DB53: 5.04 | DC53: 5.2718182 | DD53: 2.0513333 | DE53: 1.8230769 | DF53: 3.4866667 | DG53: 2.2508511 | DH53: 3.1219608 | DI53: 1.4721429 | DJ53: 5.04 | DK53: 5.2666667 | DL53: 2.05 | DM53: 1.385 | DN53: 3.47 | DO53: 2.2925 | DP53: 3.185 | DQ53: 1.34 | DU53: Error [m] | DV53: -1.909 | DW53: 0.7397561 | DX53: 2.1709091 | DY53: 1.116 | DZ53: 1.7184211 | EA53: 3.1728 | EB53: 2.2331111 | EC53: 0.911 | ED53: -2.17 | EE53: 0.67 | EF53: 2.23 | EG53: 1.1 | EH53: 1.77 | EI53: 3.16 | EJ53: 2.235 | EK53: 0.89 | EO53: Error [m] | EP53: -0.1168 | EQ53: 3.0914545 | ER53: 3.63 | ES53: 0.99277778 | ET53: 1.5958 | EU53: 2.2735714 | EV53: 2.2644444 | EW53: 1.7541176 | EX53: -0.13803922 | EY53: 3.0957143 | EZ53: 3.6433333 | FA53: 0.92351351 | FB53: 1.5958 | FC53: 2.2842857 | FD53: 2.258 | FE53: 1.7479245
E54: Error [%] | F54: 0.014064698 | G54: 2.2504137 | H54: -2.2120419 | I54: 3.0031612 | J54: 2.5113759 | K54: 8.9829886 | L54: -1.6236949 | N54: 0.034834103 | O54: 2.2100326 | P54: -2.2747503 | Q54: 3.0713585 | R54: 2.3655914 | S54: 8.8676178 | T54: -1.7347801 | Y54: Error [%] | Z54: -0.99474559 | AA54: 2.5649604 | AB54: 8.3240844 | AC54: 5.7683959 | AD54: 0.64453993 | AE54: -15.582765 | AF54: -1.7973497 | AG54: -15.407094 | AH54: -0.53769592 | AI54: 2.1617055 | AJ54: 8.2215491 | AK54: 5.7924528 | AL54: 0.43189583 | AM54: -15.121951 | AN54: -1.7170464 | AO54: -16.518424 | AS54: Error [%] | AT54: -7.4626141 | AU54: 2.726295 | AV54: 7.0242265 | AW54: 10.076859 | AX54: 3.4302447 | AY54: 2.3975902 | AZ54: 1.5131564 | BA54: -4.9368286 | BB54: -7.4792856 | BC54: 2.7905639 | BD54: 7.4599758 | BE54: 9.8035761 | BF54: 3.390148 | BG54: 2.9671897 | BH54: 1.4273577 | BI54: -5.4752066 | BM54: Error [%] | BN54: -7.3836289 | BO54: -0.22216177 | BP54: -3.6817 | BQ54: 1.3986756 | BR54: -8.41328 | BS54: -2.7598056 | BT54: -4.2320101 | BU54: -4.8752635 | BV54: -5.2882223 | BW54: -0.43851287 | BX54: -4.1192032 | BY54: 1.3818119 | BZ54: -8.5777532 | CA54: -3.0001389 | CB54: -4.338735 | CC54: -5.1861199 | CG54: Error [%] | CH54: 1.3330112 | CI54: 546.04203 | CJ54: 78.278413 | CK54: -45.449873 | CL54: 562.9125 | CM54: 840.37685 | CN54: -15.197358 | CO54: 212.4004 | CP54: -1.0402533 | CQ54: 546.98609 | CR54: 75.518207 | CS54: -41.815476 | CT54: 552.05479 | CU54: 847.79874 | CV54: -10.047257 | CW54: 211.39241 | DA54: Error [%] | DB54: 430.76923 | DC54: 3815.1316 | DD54: 527.78731 | DE54: 215.25886 | DF54: 1112.766 | DG54: 626.71801 | DH54: 423.00744 | DI54: 205.07463 | DJ54: 430.76923 | DK54: 3674.4186 | DL54: 525.64103 | DM54: 107.7821 | DN54: 1051.5152 | DO54: 722.04724 | DP54: 471.85185 | DQ54: 157.64706 | DU54: Error [%] | DV54: -25.055782 | DW54: 22.900936 | DX54: 157.41595 | DY54: 70.012547 | DZ54: 295.47511 | EA54: 378.97754 | EB54: 727.66112 | EC54: 294.82201 | ED54: -27.538071 | EE54: 20.30303 | EF54: 168.93939 | EG54: 68.322981 | EH54: 333.96226 | EI54: 371.76471 | EJ54: 732.78689 | EK54: 269.69697 | EO54: Error [%] | EP54: -1.7652037 | EQ54: 484.14009 | ER54: 448.14815 | ES54: 57.147426 | ET54: 916.07348 | EU54: 80.156132 | EV54: 288.26025 | EW54: 384.77419 | EX54: -2.0795179 | EY54: 488.06306 | EZ54: 457.32218 | FA54: 51.122083 | FB54: 916.07348 | FC54: 80.839232 | FD54: 285.10101 | FE54: 378.27685
D55: 3D Walk | E55: Ground Truth | F55: 5.41 | G55: 5.96 | H55: 2.43 | I55: 3.89 | J55: 4.78 | K55: 1.38 | L55: 4.01 | N55: 5.41 | O55: 5.96 | P55: 2.43 | Q55: 3.89 | R55: 4.78 | S55: 1.38 | T55: 4.01 | X55: 3D Walk | Y55: Ground Truth | Z55: 6.14 | AA55: 5.42 | AB55: 2.41 | AC55: 2.64 | AD55: 3.8 | AE55: 2.75 | AF55: 3.89 | AG55: 2.18 | AH55: 6.14 | AI55: 5.42 | AJ55: 2.41 | AK55: 2.64 | AL55: 3.8 | AM55: 2.75 | AN55: 3.89 | AO55: 2.18 | AR55: 3D Walk | AS55: Ground Truth | AT55: 5.65 | AU55: 3.95 | AV55: 3.55 | AW55: 2.66 | AX55: 2.29 | AY55: 3.96 | AZ55: 2.58 | BA55: 1.25 | BB55: 5.65 | BC55: 3.95 | BD55: 3.55 | BE55: 2.66 | BF55: 2.29 | BG55: 3.96 | BH55: 2.58 | BI55: 1.25 | BL55: 3D Walk | BM55: Ground Truth | BN55: 6.46 | BO55: 3.71 | BP55: 4.43 | BQ55: 2.7 | BR55: 1.8 | BS55: 5.15 | BT55: 3.09 | BU55: 2.33 | BV55: 6.46 | BW55: 3.71 | BX55: 4.43 | BY55: 2.7 | BZ55: 1.8 | CA55: 5.15 | CB55: 3.09 | CC55: 2.33 | CF55: 3D Walk | CG55: Ground Truth | CH55: 5.41 | CI55: 5.96 | CJ55: 2.43 | CK55: 3.89 | CL55: 4.78 | CM55: 1.38 | CN55: 4.01 | CO55: 2.48 | CP55: 5.41 | CQ55: 5.96 | CR55: 2.43 | CS55: 3.89 | CT55: 4.78 | CU55: 1.38 | CV55: 4.01 | CW55: 2.48 | CZ55: 3D Walk | DA55: Ground Truth | DB55: 6.14 | DC55: 5.42 | DD55: 2.41 | DE55: 2.64 | DF55: 3.8 | DG55: 2.75 | DH55: 3.89 | DI55: 2.18 | DJ55: 6.14 | DK55: 5.42 | DL55: 2.41 | DM55: 2.64 | DN55: 3.8 | DO55: 2.75 | DP55: 3.89 | DQ55: 2.18 | DT55: 3D Walk | DU55: Ground Truth | DV55: 5.65 | DW55: 3.95 | DX55: 3.55 | DY55: 2.66 | DZ55: 2.29 | EA55: 3.96 | EB55: 2.58 | EC55: 1.25 | ED55: 5.65 | EE55: 3.95 | EF55: 3.55 | EG55: 2.66 | EH55: 2.29 | EI55: 3.96 | EJ55: 2.58 | EK55: 1.25 | EN55: 3D Walk | EO55: Ground Truth | EP55: 6.46 | EQ55: 3.71 | ER55: 4.43 | ES55: 2.7 | ET55: 1.8 | EU55: 5.15 | EV55: 3.09 | EW55: 2.33 | EX55: 6.46 | EY55: 3.71 | EZ55: 4.43 | FA55: 2.7 | FB55: 1.8 | FC55: 5.15 | FD55: 3.09 | FE55: 2.33
E56: Error [m] | F56: -0.059230769 | G56: 0.1116129 | H56: -0.034516129 | I56: 0.094 | J56: 0.1366129 | K56: 0.12292308 | L56: -0.035689655 | N56: -0.058095238 | O56: 0.10930233 | P56: -0.036097561 | Q56: 0.096511628 | R56: 0.13 | S56: 0.12159091 | T56: -0.040263158 | Y56: Error [m] | Z56: -0.13239437 | AA56: 0.14529412 | AB56: 0.1575 | AC56: 0.11561644 | AD56: 0.024335664 | AE56: -0.34178571 | AF56: -0.040647482 | AG56: -0.40886957 | AH56: -0.10357143 | AI56: 0.12447368 | AJ56: 0.15536585 | AK56: 0.11619048 | AL56: 0.016341463 | AM56: -0.325 | AN56: -0.037435897 | AO56: -0.44333333 | AS56: Error [m] | AT56: -0.52047904 | AU56: 0.085361446 | AV56: 0.23299401 | AW56: 0.19808383 | AX56: 0.06627907 | AY56: 0.043892216 | AZ56: 0.077861272 | BA56: -0.033357143 | BB56: -0.52159091 | BC56: 0.087777778 | BD56: 0.24644444 | BE56: 0.19195652 | BF56: 0.065416667 | BG56: 0.065555556 | BH56: 0.075744681 | BI56: -0.040666667 | BM56: Error [m] | BN56: -0.55819767 | BO56: -0.028305085 | BP56: -0.17971591 | BQ56: 0.0076571429 | BR56: -0.13259459 | BS56: -0.10502857 | BT56: -0.09478022 | BU56: 0.0067346939 | BV56: -0.40292683 | BW56: -0.036428571 | BX56: -0.20075 | BY56: 0.0072093023 | BZ56: -0.13607143 | CA56: -0.11804878 | CB56: -0.098333333 | CC56: -0.00088235294 | CG56: Error [m] | CH56: 0.011956522 | CI56: 5.0343636 | CJ56: 1.0781818 | CK56: -3.2777193 | CL56: 4.0619565 | CM56: 1.2343137 | CN56: -0.68325 | CO56: 1.692549 | CP56: -0.1175 | CQ56: 5.0357143 | CR56: 1.0569231 | CS56: -2.83 | CT56: 4.05 | CU56: 1.2354545 | CV56: -0.41454545 | CW56: 1.69 | DA56: Error [m] | DB56: 4.97 | DC56: 5.2818182 | DD56: 2.0213333 | DE56: 1.7930769 | DF56: 3.4866667 | DG56: 2.3908511 | DH56: 3.1519608 | DI56: 1.4621429 | DJ56: 4.97 | DK56: 5.2766667 | DL56: 2.02 | DM56: 1.355 | DN56: 3.47 | DO56: 2.4325 | DP56: 3.215 | DQ56: 1.33 | DU56: Error [m] | DV56: -1.969 | DW56: 0.7197561 | DX56: 2.1709091 | DY56: 1.066 | DZ56: 1.7084211 | EA56: 3.1228 | EB56: 2.2731111 | EC56: 0.941 | ED56: -2.23 | EE56: 0.65 | EF56: 2.23 | EG56: 1.05 | EH56: 1.76 | EI56: 3.11 | EJ56: 2.275 | EK56: 0.92 | EO56: Error [m] | EP56: -0.1568 | EQ56: 3.0714545 | ER56: 3.62 | ES56: 0.96277778 | ET56: 1.6258 | EU56: 2.3135714 | EV56: 2.3044444 | EW56: 1.8741176 | EX56: -0.17803922 | EY56: 3.0757143 | EZ56: 3.6333333 | FA56: 0.89351351 | FB56: 1.6258 | FC56: 2.3242857 | FD56: 2.298 | FE56: 1.8679245
E57: Error [%] | F57: -1.0829817 | G57: 1.9084391 | H57: -1.4005236 | I57: 2.4762908 | J57: 2.9420959 | K57: 9.7784849 | L57: -0.88216493 | N57: -1.0624401 | O57: 1.868193 | P57: -1.4637523 | Q57: 2.5441393 | R57: 2.7956989 | S57: 9.662272 | T57: -0.99408745 | Y57: Error [%] | Z57: -2.1107468 | AA57: 2.7545444 | AB57: 6.9922309 | AC57: 4.579987 | AD57: 0.64453993 | AE57: -11.054638 | AF57: -1.0341167 | AG57: -15.793363 | AH57: -1.6588491 | AI57: 2.3505442 | AJ57: 6.8909563 | AK57: 4.6037736 | AL57: 0.43189583 | AM57: -10.569106 | AN57: -0.95318927 | AO57: -16.899619 | AS57: Error [%] | AT57: -8.434986 | AU57: 2.2087821 | AV57: 7.0242265 | AW57: 8.0459211 | AX57: 2.980548 | AY57: 1.1208122 | AZ57: 3.1117888 | BA57: -2.5992097 | BB57: -8.4514822 | BC57: 2.2727273 | BD57: 7.4599758 | BE57: 7.7776799 | BF57: 2.9406256 | BG57: 1.6833096 | BH57: 3.0246389 | BI57: -3.1508264 | BM57: Error [%] | BN57: -7.9535758 | BO57: -0.75716358 | BP57: -3.8986331 | BQ57: 0.28440445 | BR57: -6.8609627 | BS57: -1.9986299 | BT57: -2.9760364 | BU57: 0.28988053 | BV57: -5.871064 | BW57: -0.97235462 | BX57: -4.3351509 | BY57: 0.26772606 | BZ57: -7.0282236 | CA57: -2.2408445 | CB57: -3.084161 | CC57: -0.03785489 | CG57: Error [%] | CH57: 0.22149732 | CI57: 543.88136 | CJ57: 79.757902 | CK57: -45.728902 | CL57: 565.69785 | CM57: 847.24092 | CN57: -14.558142 | CO57: 214.94024 | CP57: -2.125735 | CQ57: 544.82226 | CR57: 76.97479 | CS57: -42.113095 | CT57: 554.79452 | CU57: 854.71698 | CV57: -9.3692213 | CW57: 213.92405 | DA57: Error [%] | DB57: 424.78632 | DC57: 3822.3684 | DD57: 520.06861 | DE57: 211.71662 | DF57: 1112.766 | DG57: 665.69905 | DH57: 427.07226 | DI57: 203.68159 | DJ57: 424.78632 | DK57: 3681.3953 | DL57: 517.94872 | DM57: 105.44747 | DN57: 1051.5152 | DO57: 766.14173 | DP57: 476.2963 | DQ57: 156.47059 | DU57: Error [%] | DV57: -25.843287 | DW57: 22.281788 | DX57: 157.41595 | DY57: 66.875784 | DZ57: 293.75566 | EA57: 373.00526 | EB57: 740.69515 | EC57: 304.53074 | ED57: -28.299492 | EE57: 19.69697 | EF57: 168.93939 | EG57: 65.217391 | EH57: 332.07547 | EI57: 365.88235 | EJ57: 745.90164 | EK57: 278.78788 | EO57: Error [%] | EP57: -2.3697255 | EQ57: 481.00797 | ER57: 446.91358 | ES57: 55.420531 | ET57: 933.29506 | EU57: 81.566356 | EV57: 293.35219 | EW57: 411.09677 | EX57: -2.6821055 | EY57: 484.90991 | EZ57: 456.06695 | FA57: 49.4614 | FB57: 933.29506 | FC57: 82.254803 | FD57: 290.15152 | FE57: 404.24663
D58: 3D Model | E58: Ground Truth | F58: 5.45 | G58: 6.03 | H58: 2.45 | I58: 3.92 | J58: 4.83 | K58: 1.4 | L58: 3.97 | N58: 5.45 | O58: 6.03 | P58: 2.45 | Q58: 3.92 | R58: 4.83 | S58: 1.4 | T58: 3.97 | X58: 3D Model | Y58: Ground Truth | Z58: 6.14 | AA58: 5.46 | AB58: 2.44 | AC58: 2.67 | AD58: 3.85 | AE58: 2.75 | AF58: 3.83 | AG58: 2.18 | AH58: 6.14 | AI58: 5.46 | AJ58: 2.44 | AK58: 2.67 | AL58: 3.85 | AM58: 2.75 | AN58: 3.83 | AO58: 2.18 | AR58: 3D Model | AS58: Ground Truth | AT58: 5.64 | AU58: 4.01 | AV58: 3.57 | AW58: 2.7 | AX58: 2.35 | AY58: 3.98 | AZ58: 2.53 | BA58: 1.25 | BB58: 5.64 | BC58: 4.01 | BD58: 3.57 | BE58: 2.7 | BF58: 2.35 | BG58: 3.98 | BH58: 2.53 | BI58: 1.25 | BL58: 3D Model | BM58: Ground Truth | BN58: 6.44 | BO58: 3.76 | BP58: 4.45 | BQ58: 2.71 | BR58: 1.81 | BS58: 5.21 | BT58: 3.06 | BU58: 2.33 | BV58: 6.44 | BW58: 3.76 | BX58: 4.45 | BY58: 2.71 | BZ58: 1.81 | CA58: 5.21 | CB58: 3.06 | CC58: 2.33 | CF58: 3D Model | CG58: Ground Truth | CH58: 5.45 | CI58: 6.03 | CJ58: 2.45 | CK58: 3.92 | CL58: 4.83 | CM58: 1.4 | CN58: 3.97 | CO58: 2.49 | CP58: 5.45 | CQ58: 6.03 | CR58: 2.45 | CS58: 3.92 | CT58: 4.83 | CU58: 1.4 | CV58: 3.97 | CW58: 2.49 | CZ58: 3D Model | DA58: Ground Truth | DB58: 6.14 | DC58: 5.46 | DD58: 2.44 | DE58: 2.67 | DF58: 3.85 | DG58: 2.75 | DH58: 3.83 | DI58: 2.18 | DJ58: 6.14 | DK58: 5.46 | DL58: 2.44 | DM58: 2.67 | DN58: 3.85 | DO58: 2.75 | DP58: 3.83 | DQ58: 2.18 | DT58: 3D Model | DU58: Ground Truth | DV58: 5.64 | DW58: 4.01 | DX58: 3.57 | DY58: 2.7 | DZ58: 2.35 | EA58: 3.98 | EB58: 2.53 | EC58: 1.25 | ED58: 5.64 | EE58: 4.01 | EF58: 3.57 | EG58: 2.7 | EH58: 2.35 | EI58: 3.98 | EJ58: 2.53 | EK58: 1.25 | EN58: 3D Model | EO58: Ground Truth | EP58: 6.44 | EQ58: 3.76 | ER58: 4.45 | ES58: 2.71 | ET58: 1.81 | EU58: 5.21 | EV58: 3.06 | EW58: 2.33 | EX58: 6.44 | EY58: 3.76 | EZ58: 4.45 | FA58: 2.71 | FB58: 1.81 | FC58: 5.21 | FD58: 3.06 | FE58: 2.33
E59: Error [m] | F59: -0.019230769 | G59: 0.1816129 | H59: -0.014516129 | I59: 0.124 | J59: 0.1866129 | K59: 0.14292308 | L59: -0.075689655 | N59: -0.018095238 | O59: 0.17930233 | P59: -0.016097561 | Q59: 0.12651163 | R59: 0.18 | S59: 0.14159091 | T59: -0.080263158 | Y59: Error [m] | Z59: -0.13239437 | AA59: 0.18529412 | AB59: 0.1875 | AC59: 0.14561644 | AD59: 0.074335664 | AE59: -0.34178571 | AF59: -0.10064748 | AG59: -0.40886957 | AH59: -0.10357143 | AI59: 0.16447368 | AJ59: 0.18536585 | AK59: 0.14619048 | AL59: 0.066341463 | AM59: -0.325 | AN59: -0.097435897 | AO59: -0.44333333 | AS59: Error [m] | AT59: -0.53047904 | AU59: 0.14536145 | AV59: 0.25299401 | AW59: 0.23808383 | AX59: 0.12627907 | AY59: 0.063892216 | AZ59: 0.027861272 | BA59: -0.033357143 | BB59: -0.53159091 | BC59: 0.14777778 | BD59: 0.26644444 | BE59: 0.23195652 | BF59: 0.12541667 | BG59: 0.085555556 | BH59: 0.025744681 | BI59: -0.040666667 | BM59: Error [m] | BN59: -0.57819767 | BO59: 0.021694915 | BP59: -0.15971591 | BQ59: 0.017657143 | BR59: -0.12259459 | BS59: -0.045028571 | BT59: -0.12478022 | BU59: 0.0067346939 | BV59: -0.42292683 | BW59: 0.013571429 | BX59: -0.18075 | BY59: 0.017209302 | BZ59: -0.12607143 | CA59: -0.05804878 | CB59: -0.12833333 | CC59: -0.00088235294 | CG59: Error [m] | CH59: 0.051956522 | CI59: 5.1043636 | CJ59: 1.0981818 | CK59: -3.2477193 | CL59: 4.1119565 | CM59: 1.2543137 | CN59: -0.72325 | CO59: 1.702549 | CP59: -0.0775 | CQ59: 5.1057143 | CR59: 1.0769231 | CS59: -2.8 | CT59: 4.1 | CU59: 1.2554545 | CV59: -0.45454545 | CW59: 1.7 | DA59: Error [m] | DB59: 4.97 | DC59: 5.3218182 | DD59: 2.0513333 | DE59: 1.8230769 | DF59: 3.5366667 | DG59: 2.3908511 | DH59: 3.0919608 | DI59: 1.4621429 | DJ59: 4.97 | DK59: 5.3166667 | DL59: 2.05 | DM59: 1.385 | DN59: 3.52 | DO59: 2.4325 | DP59: 3.155 | DQ59: 1.33 | DU59: Error [m] | DV59: -1.979 | DW59: 0.7797561 | DX59: 2.1909091 | DY59: 1.106 | DZ59: 1.7684211 | EA59: 3.1428 | EB59: 2.2231111 | EC59: 0.941 | ED59: -2.24 | EE59: 0.71 | EF59: 2.25 | EG59: 1.09 | EH59: 1.82 | EI59: 3.13 | EJ59: 2.225 | EK59: 0.92 | EO59: Error [m] | EP59: -0.1768 | EQ59: 3.1214545 | ER59: 3.64 | ES59: 0.97277778 | ET59: 1.6358 | EU59: 2.3735714 | EV59: 2.2744444 | EW59: 1.8741176 | EX59: -0.19803922 | EY59: 3.1257143 | EZ59: 3.6533333 | FA59: 0.90351351 | FB59: 1.6358 | FC59: 2.3842857 | FD59: 2.268 | FE59: 1.8679245
E60: Error [%] | F60: -0.35161744 | G60: 3.1053502 | H60: -0.58900524 | I60: 3.2665964 | J60: 4.0188961 | K60: 11.369477 | L60: -1.8708715 | N60: -0.33092397 | O60: 3.0646315 | P60: -0.65275443 | Q60: 3.3349681 | R60: 3.8709677 | S60: 11.25158 | T60: -1.9816776 | Y60: Error [%] | Z60: -2.1107468 | AA60: 3.5128806 | AB60: 8.3240844 | AC60: 5.7683959 | AD60: 1.9688102 | AE60: -11.054638 | AF60: -2.5605828 | AG60: -15.793363 | AH60: -1.6588491 | AI60: 3.1058987 | AJ60: 8.2215491 | AK60: 5.7924528 | AL60: 1.7533681 | AM60: -10.569106 | AN60: -2.4809036 | AO60: -16.899619 | AS60: Error [%] | AT60: -8.5970479 | AU60: 3.7613206 | AV60: 7.6271798 | AW60: 9.6706718 | AX60: 5.6787283 | AY60: 1.6315234 | AZ60: 1.1134983 | BA60: -2.5992097 | BB60: -8.613515 | BC60: 3.8262371 | BD60: 8.0653841 | BE60: 9.3983969 | BF60: 5.6377599 | BG60: 2.1968616 | BH60: 1.0280374 | BI60: -3.1508264 | BM60: Error [%] | BN60: -8.2385493 | BO60: 0.58034095 | BP60: -3.4647669 | BQ60: 0.65582817 | BR60: -6.3435236 | BS60: -0.85686635 | BT60: -3.9180167 | BU60: 0.28988053 | BV60: -6.1624849 | BW60: 0.36224976 | BX60: -3.9032554 | BY60: 0.639088 | BZ60: -6.5117137 | CA60: -1.1019029 | CB60: -4.0250915 | CC60: -0.03785489 | CG60: Error [%] | CH60: 0.96250654 | CI60: 551.44372 | CJ60: 81.237391 | CK60: -45.310358 | CL60: 572.66122 | CM60: 860.96904 | CN60: -15.41043 | CO60: 216.21016 | CP60: -1.4020805 | CQ60: 552.39567 | CR60: 78.431373 | CS60: -41.666667 | CT60: 561.64384 | CU60: 868.55346 | CV60: -10.273269 | CW60: 215.18987 | DA60: Error [%] | DB60: 424.78632 | DC60: 3851.3158 | DD60: 527.78731 | DE60: 215.25886 | DF60: 1128.7234 | DG60: 665.69905 | DH60: 418.94261 | DI60: 203.68159 | DJ60: 424.78632 | DK60: 3709.3023 | DL60: 525.64103 | DM60: 107.7821 | DN60: 1066.6667 | DO60: 766.14173 | DP60: 467.40741 | DQ60: 156.47059 | DU60: Error [%] | DV60: -25.974537 | DW60: 24.139233 | DX60: 158.86618 | DY60: 69.385194 | DZ60: 304.0724 | EA60: 375.39417 | EB60: 724.40261 | EC60: 304.53074 | ED60: -28.426396 | EE60: 21.515152 | EF60: 170.45455 | EG60: 67.701863 | EH60: 343.39623 | EI60: 368.23529 | EJ60: 729.5082 | EK60: 278.78788 | EO60: Error [%] | EP60: -2.6719865 | EQ60: 488.83827 | ER60: 449.38272 | ES60: 55.996162 | ET60: 939.03559 | EU60: 83.681692 | EV60: 289.53324 | EW60: 411.09677 | EX60: -2.9833993 | EY60: 492.79279 | EZ60: 458.57741 | FA60: 50.014961 | FB60: 939.03559 | FC60: 84.37816 | FD60: 286.36364 | FE60: 404.24663
C61: 2 | D61: Mean unfiltered value | F61: 5.1957353 | G61: 5.6327941 | H61: 2.3547761 | I61: 3.5888235 | J61: 4.4177941 | K61: 1.2382353 | L61: 3.9960606 | N61: 5.256 | O61: 5.685 | P61: 2.3618 | Q61: 3.5784 | R61: 4.4162 | S61: 1.2374 | T61: 3.9785714 | W61: 2 | X61: Mean unfiltered value | Z61: 5.8868947 | AA61: 4.8835263 | AB61: 2.1654737 | AC61: 2.4681053 | AD61: 3.6214211 | AE61: 3.0032275 | AF61: 3.6947594 | AG61: 2.6962712 | AH61: 5.72575 | AI61: 4.75 | AJ61: 2.2115 | AK61: 2.47725 | AL61: 3.6585 | AM61: 3.01375 | AN61: 3.6176923 | AO61: 2.55 | AQ61: 2 | AR61: Mean unfiltered value | AT61: 5.8742979 | AU61: 3.7190336 | AV61: 3.1613025 | AW61: 2.3744118 | AX61: 2.1765126 | AY61: 3.73 | AZ61: 2.4192857 | BA61: 1.3772609 | BB61: 5.7253061 | BC61: 3.8248 | BD61: 3.0884 | BE61: 2.4074 | BF61: 2.1824 | BG61: 3.6897959 | BH61: 2.4678 | BI61: 1.32375 | BK61: 2 | BL61: Mean unfiltered value | BN61: 6.5 | BO61: 3.73 | BP61: 4.44 | BQ61: 2.73 | BR61: 1.77 | BS61: 5.11 | BT61: 3.05 | BU61: 2.21 | BV61: 6.6372727 | BW61: 3.7411111 | BX61: 4.5255556 | BY61: 2.5557778 | BZ61: 1.8713333 | CA61: 5.0431818 | CB61: 3.1893333 | CC61: 2.1379545 | CE61: 2 | CF61: Mean unfiltered value | CH61: 5.2451667 | CI61: 1.0374576 | CJ61: 1.1311864 | CK61: 6.3241667 | CL61: 0.67716667 | CM61: 0.146 | CN61: 4.1369811 | CO61: 0.87830508 | CP61: 5.3566667 | CQ61: 1.0394915 | CR61: 1.1277966 | CS61: 6.4558333 | CT61: 0.67683333 | CU61: 0.14533333 | CV61: 4.1369811 | CW61: 0.88220339 | CY61: 2 | CZ61: Mean unfiltered value | DB61: 1.2685 | DC61: 0.23615385 | DD61: 0.38627119 | DE61: 1.348 | DF61: 0.36355932 | DG61: 0.78525424 | DH61: 0.87849057 | DI61: 0.74677966 | DJ61: 1.2658974 | DK61: 0.23960784 | DL61: 0.38033333 | DM61: 1.3849123 | DN61: 0.36783333 | DO61: 0.77133333 | DP61: 0.92296296 | DQ61: 0.7655 | DS61: 2 | DT61: Mean unfiltered value | DV61: 5.5667797 | DW61: 4.0661818 | DX61: 1.1454237 | DY61: 1.5054386 | DZ61: 0.70677966 | EA61: 0.67606061 | EB61: 0.34932203 | EC61: 0.27711864 | ED61: 5.5713333 | EE61: 4.0114286 | EF61: 1.1198333 | EG61: 1.5072414 | EH61: 0.7005 | EI61: 0.685 | EJ61: 0.347 | EK61: 0.27966667 | EM61: 2 | EN61: Mean unfiltered value | EP61: 6.7679661 | EQ61: 0.64864407 | ER61: 0.81428571 | ES61: 3.1247727 | ET61: 0.21813559 | EU61: 2.649375 | EV61: 0.52411765 | EW61: 0.60222222 | EX61: 5.5713333 | EY61: 4.0114286 | EZ61: 1.1198333 | FA61: 1.5072414 | FB61: 0.7005 | FC61: 0.685 | FD61: 0.347 | FE61: 0.27966667
D62: Standard deviation | F62: 1.0512882 | G62: 0.83582268 | H62: 0.41661521 | I62: 0.68827903 | J62: 0.80130564 | K62: 0.12415528 | L62: 0.32969168 | N62: 0.92708791 | O62: 0.68554869 | P62: 0.39441952 | Q62: 0.733862 | R62: 0.75265368 | S62: 0.13173929 | T62: 0.37463996 | X62: Standard deviation | Z62: 1.2609497 | AA62: 1.01728 | AB62: 0.34537171 | AC62: 0.27174405 | AD62: 0.59504938 | AE62: 0.44203073 | AF62: 0.69810923 | AG62: 0.63463117 | AH62: 1.4374611 | AI62: 1.1725954 | AJ62: 0.18767725 | AK62: 0.17329148 | AL62: 0.40745889 | AM62: 0.40752722 | AN62: 0.8538644 | AO62: 0.69143798 | AR62: Standard deviation | AT62: 1.1094917 | AU62: 0.60951378 | AV62: 0.61352096 | AW62: 0.34718355 | AX62: 0.25349494 | AY62: 0.68485608 | AZ62: 0.39094681 | BA62: 1.0592478 | BB62: 1.3342782 | BC62: 0.35241589 | BD62: 0.78712987 | BE62: 0.21126107 | BF62: 0.29646963 | BG62: 0.72689019 | BH62: 0.18745976 | BI62: 0.092907324 | BL62: Standard deviation | BN62: 1.1955559 | BO62: 0.44829466 | BP62: 0.72224286 | BQ62: 0.48154813 | BR62: 0.18397713 | BS62: 0.91475674 | BT62: 0.44430168 | BU62: 0.68528684 | BV62: 1.0517828 | BW62: 0.11025672 | BX62: 0.40388973 | BY62: 0.36103856 | BZ62: 0.24781355 | CA62: 0.76190483 | CB62: 0.02916619 | CC62: 0.65008594 | CF62: Standard deviation | CH62: 1.1500384 | CI62: 0.50713751 | CJ62: 0.48103731 | CK62: 2.0918949 | CL62: 0.12992423 | CM62: 0.01695091 | CN62: 1.4605525 | CO62: 0.63069817 | CP62: 1.0722044 | CQ62: 0.50614001 | CR62: 0.48004614 | CS62: 1.8835253 | CT62: 0.12876971 | CU62: 0.016779617 | CV62: 1.4605525 | CW62: 0.62979972 | CZ62: Standard deviation | DB62: 0.40760612 | DC62: 0.25184056 | DD62: 0.20681522 | DE62: 0.78096071 | DF62: 0.086705477 | DG62: 0.84404064 | DH62: 0.57813427 | DI62: 0.42631031 | DJ62: 0.41247047 | DK62: 0.25345426 | DL62: 0.20866214 | DM62: 0.79198202 | DN62: 0.09462367 | DO62: 0.82664274 | DP62: 0.64172115 | DQ62: 0.46493163 | DT62: Standard deviation | DV62: 2.8066341 | DW62: 3.6736296 | DX62: 0.4226403 | DY62: 0.19040188 | DZ62: 0.51356659 | EA62: 0.21694769 | EB62: 0.087602036 | EC62: 0.076955872 | ED62: 2.768648 | EE62: 3.4858763 | EF62: 0.44045996 | EG62: 0.18924344 | EH62: 0.51024316 | EI62: 0.21424285 | EJ62: 0.085932144 | EK62: 0.074519945 | EN62: Standard deviation | EP62: 1.560683 | EQ62: 0.12626925 | ER62: 0.12915739 | ES62: 2.4919557 | ET62: 0.083126911 | EU62: 0.69818934 | EV62: 0.2247105 | EW62: 0.71772446 | EX62: 1.2109231 | EY62: 0.079271685 | EZ62: 0 | FA62: 2.2536956 | FB62: 0.071561163 | FC62: 0.52294283 | FD62: 0.22708754 | FE62: 0.10475132
D63: Mean filtered value | F63: 5.4669841 | G63: 5.8519048 | H63: 2.4608065 | I63: 3.7935484 | J63: 4.6525806 | K63: 1.2583333 | L63: 4.0515873 | N63: 5.4682979 | O63: 5.8523404 | P63: 2.463913 | Q63: 3.7926087 | R63: 4.6551111 | S63: 1.2561224 | T63: 4.0434043 | X63: Mean filtered value | Z63: 6.256686 | AA63: 5.2689375 | AB63: 2.2524859 | AC63: 2.5225967 | AD63: 3.7854857 | AE63: 3.1016854 | AF63: 3.9232121 | AG63: 2.5784058 | AH63: 6.24 | AI63: 5.2327273 | AJ63: 2.2542105 | AK63: 2.5208108 | AL63: 3.7985714 | AM63: 3.0928947 | AN63: 3.9173529 | AO63: 2.5186207 | AR63: Mean filtered value | AT63: 6.1700461 | AU63: 3.8723874 | AV63: 3.3172523 | AW63: 2.4582883 | AX63: 2.2248684 | AY63: 3.9065455 | AZ63: 2.5029646 | BA63: 1.312807 | BB63: 6.1588636 | BC63: 3.875102 | BD63: 3.3156522 | BE63: 2.4578723 | BF63: 2.2246939 | BG63: 3.9154545 | BH63: 2.5052083 | BI63: 1.2975676 | BL63: Mean filtered value | BN63: 6.9058373 | BO63: 3.7475 | BP63: 4.6171889 | BQ63: 2.6679808 | BR63: 1.9332287 | BS63: 5.2701932 | BT63: 3.1817489 | BU63: 2.3793529 | BV63: 6.8656098 | BW63: 3.7575 | BX63: 4.6192857 | BY63: 2.6685 | BZ63: 1.9321429 | CA63: 5.2765 | CB63: 3.1828571 | CC63: 2.3268571 | CF63: Mean filtered value | CH63: 5.6876087 | CI63: 0.90818182 | CJ63: 1.3830435 | CK63: 7.174902 | CL63: 0.72175 | CM63: 0.1472 | CN63: 4.7213333 | CO63: 0.76245614 | CP63: 5.7215217 | CQ63: 0.91036364 | CR63: 1.3504878 | CS63: 7.1139623 | CT63: 0.71658537 | CU63: 0.14686275 | CV63: 4.7213333 | CW63: 0.76649123 | CZ63: Mean filtered value | DB63: 1.1752632 | DC63: 0.13888889 | DD63: 0.39130435 | DE63: 0.902 | DF63: 0.33962264 | DG63: 0.37702128 | DH63: 0.7384 | DI63: 0.67421053 | DJ63: 1.17 | DK63: 0.14068182 | DL63: 0.39 | DM63: 0.902 | DN63: 0.3416 | DO63: 0.34978723 | DP63: 0.7432 | DQ63: 0.66824561 | DT63: Mean filtered value | DV63: 7.5528205 | DW63: 2.9346 | DX63: 1.3414286 | DY63: 1.5718182 | DZ63: 0.56981818 | EA63: 0.85 | EB63: 0.31139535 | EC63: 0.32078947 | ED63: 7.503 | EE63: 2.9468627 | EF63: 1.3456098 | EG63: 1.5726667 | EH63: 0.56553571 | EI63: 0.85 | EJ63: 0.31222222 | EK63: 0.32146341 | EN63: Mean filtered value | EP63: 6.707037 | EQ63: 0.64259259 | ER63: 0.81727273 | ES63: 2.2564865 | ET63: 0.17266667 | EU63: 2.9007143 | EV63: 0.43583333 | EW63: 0.46461538 | EX63: 6.53625 | EY63: 0.62 | EZ63: 0.85 | FA63: 1.9186667 | FB63: 0.17352941 | FC63: 2.899375 | FD63: 0.48 | FE63: 0.40764706
D64: Laser | E64: Ground Truth | F64: 5.47 | G64: 5.98 | H64: 2.41 | I64: 3.91 | J64: 4.76 | K64: 1.37 | L64: 3.98 | N64: 5.47 | O64: 5.98 | P64: 2.41 | Q64: 3.91 | R64: 4.76 | S64: 1.37 | T64: 3.98 | X64: Laser | Y64: Ground Truth | Z64: 6.21 | AA64: 5.41 | AB64: 2.44 | AC64: 2.67 | AD64: 3.8 | AE64: 2.61 | AF64: 3.86 | AG64: 2.19 | AH64: 6.21 | AI64: 5.41 | AJ64: 2.44 | AK64: 2.67 | AL64: 3.8 | AM64: 2.61 | AN64: 3.86 | AO64: 2.19 | AR64: Laser | AS64: Ground Truth | AT64: 5.71 | AU64: 3.97 | AV64: 3.55 | AW64: 2.71 | AX64: 2.3 | AY64: 4.01 | AZ64: 2.54 | BA64: 1.22 | BB64: 5.71 | BC64: 3.97 | BD64: 3.55 | BE64: 2.71 | BF64: 2.3 | BG64: 4.01 | BH64: 2.54 | BI64: 1.22 | BL64: Laser | BM64: Ground Truth | BN64: 6.5 | BO64: 3.73 | BP64: 4.44 | BQ64: 2.73 | BR64: 1.77 | BS64: 5.11 | BT64: 3.05 | BU64: 2.21 | BV64: 6.5 | BW64: 3.73 | BX64: 4.44 | BY64: 2.73 | BZ64: 1.77 | CA64: 5.11 | CB64: 3.05 | CC64: 2.21 | CF64: Laser | CG64: Ground Truth | CH64: 5.47 | CI64: 5.98 | CJ64: 2.41 | CK64: 3.91 | CL64: 4.76 | CM64: 1.37 | CN64: 3.98 | CO64: 2.46 | CP64: 5.47 | CQ64: 5.98 | CR64: 2.41 | CS64: 3.91 | CT64: 4.76 | CU64: 1.37 | CV64: 3.98 | CW64: 2.46 | CZ64: Laser | DA64: Ground Truth | DB64: 6.21 | DC64: 5.41 | DD64: 2.44 | DE64: 2.67 | DF64: 3.8 | DG64: 2.61 | DH64: 3.86 | DI64: 2.19 | DJ64: 6.21 | DK64: 5.41 | DL64: 2.44 | DM64: 2.67 | DN64: 3.8 | DO64: 2.61 | DP64: 3.86 | DQ64: 2.19 | DT64: Laser | DU64: Ground Truth | DV64: 5.71 | DW64: 3.97 | DX64: 3.55 | DY64: 2.71 | DZ64: 2.3 | EA64: 4.01 | EB64: 2.54 | EC64: 1.22 | ED64: 5.71 | EE64: 3.97 | EF64: 3.55 | EG64: 2.71 | EH64: 2.3 | EI64: 4.01 | EJ64: 2.54 | EK64: 1.22 | EN64: Laser | EO64: Ground Truth | EP64: 6.5 | EQ64: 3.73 | ER64: 4.44 | ES64: 2.73 | ET64: 1.77 | EU64: 5.11 | EV64: 3.05 | EW64: 2.21 | EX64: 6.5 | EY64: 3.73 | EZ64: 4.44 | FA64: 2.73 | FB64: 1.77 | FC64: 5.11 | FD64: 3.05 | FE64: 2.21
E65: Error [m] | F65: 0.003015873 | G65: 0.12809524 | H65: -0.050806452 | I65: 0.11645161 | J65: 0.10741935 | K65: 0.11166667 | L65: -0.071587302 | N65: 0.0017021277 | O65: 0.12765957 | P65: -0.053913043 | Q65: 0.1173913 | R65: 0.10488889 | S65: 0.11387755 | T65: -0.063404255 | Y65: Error [m] | Z65: -0.046686047 | AA65: 0.1410625 | AB65: 0.18751412 | AC65: 0.14740331 | AD65: 0.014514286 | AE65: -0.49168539 | AF65: -0.063212121 | AG65: -0.3884058 | AH65: -0.03 | AI65: 0.17727273 | AJ65: 0.18578947 | AK65: 0.14918919 | AL65: 0.0014285714 | AM65: -0.48289474 | AN65: -0.057352941 | AO65: -0.32862069 | AS65: Error [m] | AT65: -0.46004608 | AU65: 0.097612613 | AV65: 0.23274775 | AW65: 0.25171171 | AX65: 0.075131579 | AY65: 0.10345455 | AZ65: 0.037035398 | BA65: -0.092807018 | BB65: -0.44886364 | BC65: 0.094897959 | BD65: 0.23434783 | BE65: 0.25212766 | BF65: 0.075306122 | BG65: 0.094545455 | BH65: 0.034791667 | BI65: -0.077567568 | BM65: Error [m] | BN65: -0.40583732 | BO65: -0.0175 | BP65: -0.17718894 | BQ65: 0.062019231 | BR65: -0.1632287 | BS65: -0.16019324 | BT65: -0.13174888 | BU65: -0.16935294 | BV65: -0.36560976 | BW65: -0.0275 | BX65: -0.17928571 | BY65: 0.0615 | BZ65: -0.16214286 | CA65: -0.1665 | CB65: -0.13285714 | CC65: -0.11685714 | CG65: Error [m] | CH65: -0.2176087 | CI65: 5.0718182 | CJ65: 1.0269565 | CK65: -3.264902 | CL65: 4.03825 | CM65: 1.2228 | CN65: -0.74133333 | CO65: 1.6975439 | CP65: -0.25152174 | CQ65: 5.0696364 | CR65: 1.0595122 | CS65: -3.2039623 | CT65: 4.0434146 | CU65: 1.2231373 | CV65: -0.74133333 | CW65: 1.6935088 | DA65: Error [m] | DB65: 5.0347368 | DC65: 5.2711111 | DD65: 2.0486957 | DE65: 1.768 | DF65: 3.4603774 | DG65: 2.2329787 | DH65: 3.1216 | DI65: 1.5157895 | DJ65: 5.04 | DK65: 5.2693182 | DL65: 2.05 | DM65: 1.768 | DN65: 3.4584 | DO65: 2.2602128 | DP65: 3.1168 | DQ65: 1.5217544 | DU65: Error [m] | DV65: -1.8428205 | DW65: 1.0354 | DX65: 2.2085714 | DY65: 1.1381818 | DZ65: 1.7301818 | EA65: 3.16 | EB65: 2.2286047 | EC65: 0.89921053 | ED65: -1.793 | EE65: 1.0231373 | EF65: 2.2043902 | EG65: 1.1373333 | EH65: 1.7344643 | EI65: 3.16 | EJ65: 2.2277778 | EK65: 0.89853659 | EO65: Error [m] | EP65: -0.20703704 | EQ65: 3.0874074 | ER65: 3.6227273 | ES65: 0.47351351 | ET65: 1.5973333 | EU65: 2.2092857 | EV65: 2.6141667 | EW65: 1.7453846 | EX65: -0.03625 | EY65: 3.11 | EZ65: 3.59 | FA65: 0.81133333 | FB65: 1.5964706 | FC65: 2.210625 | FD65: 2.57 | FE65: 1.8023529
E66: Error [%] | F66: 0.055165205 | G66: 2.1889495 | H66: -2.0646261 | I66: 3.0697279 | J66: 2.3088123 | K66: 8.8741722 | L66: -1.7668952 | N66: 0.031127193 | O66: 2.1813423 | P66: -2.1881066 | Q66: 3.0952654 | R66: 2.2531984 | S66: 9.0658002 | T66: -1.5680909 | Y66: Error [%] | Z66: -0.74617851 | AA66: 2.6772475 | AB66: 8.3247636 | AC66: 5.8433168 | AD66: 0.38341938 | AE66: -15.852201 | AF66: -1.6112338 | AG66: -15.063796 | AH66: -0.48076923 | AI66: 3.3877693 | AJ66: 8.2418865 | AK66: 5.9183017 | AL66: 0.037608123 | AM66: -15.613035 | AN66: -1.4640739 | AO66: -13.047645 | AS66: Error [%] | AT66: -7.4561207 | AU66: 2.5207347 | AV66: 7.0162812 | AW66: 10.239308 | AX66: 3.3768999 | AY66: 2.6482361 | AZ66: 1.4796613 | BA66: -7.0693572 | BB66: -7.2880918 | BC66: 2.4489151 | BD66: 7.0679255 | BE66: 10.257964 | BF66: 3.3850105 | BG66: 2.4146738 | BH66: 1.3887734 | BI66: -5.9779213 | BM66: Error [%] | BN66: -5.8767287 | BO66: -0.46697799 | BP66: -3.8375934 | BQ66: 2.3245756 | BR66: -8.4433207 | BS66: -3.0396084 | BT66: -4.1407692 | BU66: -7.1176049 | BV66: -5.3252336 | BW66: -0.73186959 | BX66: -3.8812432 | BY66: 2.3046655 | BZ66: -8.3918669 | CA66: -3.1555008 | CB66: -4.1741472 | CC66: -5.0221022 | CG66: Error [%] | CH66: -3.8260138 | CI66: 558.45846 | CJ66: 74.253379 | CK66: -45.504482 | CL66: 559.50814 | CM66: 830.70652 | CN66: -15.701779 | CO66: 222.64151 | CP66: -4.3960637 | CQ66: 556.88037 | CR66: 78.454036 | CS66: -45.037662 | CT66: 564.2614 | CU66: 832.84379 | CV66: -15.701779 | CW66: 220.94301 | DA66: Error [%] | DB66: 428.3923 | DC66: 3795.2 | DD66: 523.55556 | DE66: 196.00887 | DF66: 1018.8889 | DG66: 592.26862 | DH66: 422.7519 | DI66: 224.82436 | DJ66: 430.76923 | DK66: 3745.5574 | DL66: 525.64103 | DM66: 196.00887 | DN66: 1012.4122 | DO66: 646.16788 | DP66: 419.37567 | DQ66: 227.72381 | DU66: Error [%] | DV66: -24.399104 | DW66: 35.282492 | DX66: 164.64324 | DY66: 72.411799 | DZ66: 303.63752 | EA66: 371.76471 | EB66: 715.68335 | EC66: 280.31173 | ED66: -23.897108 | EE66: 34.719542 | EF66: 163.82092 | EG66: 72.318779 | EH66: 306.69403 | EI66: 371.76471 | EJ66: 713.52313 | EK66: 279.51442 | EO66: Error [%] | EP66: -3.0868629 | EQ66: 480.4611 | ER66: 443.2703 | ES66: 20.984549 | ET66: 925.09653 | EU66: 76.163507 | EV66: 599.8088 | EW66: 375.66225 | EX66: -0.55459935 | EY66: 501.6129 | EZ66: 422.35294 | FA66: 42.28631 | FB66: 920 | FC66: 76.24488 | FD66: 535.41667 | FE66: 442.13564
D67: 3D Walk | E67: Ground Truth | F67: 5.41 | G67: 5.96 | H67: 2.43 | I67: 3.89 | J67: 4.78 | K67: 1.38 | L67: 4.01 | N67: 5.41 | O67: 5.96 | P67: 2.43 | Q67: 3.89 | R67: 4.78 | S67: 1.38 | T67: 4.01 | X67: 3D Walk | Y67: Ground Truth | Z67: 6.14 | AA67: 5.42 | AB67: 2.41 | AC67: 2.64 | AD67: 3.8 | AE67: 2.75 | AF67: 3.89 | AG67: 2.18 | AH67: 6.14 | AI67: 5.42 | AJ67: 2.41 | AK67: 2.64 | AL67: 3.8 | AM67: 2.75 | AN67: 3.89 | AO67: 2.18 | AR67: 3D Walk | AS67: Ground Truth | AT67: 5.65 | AU67: 3.95 | AV67: 3.55 | AW67: 2.66 | AX67: 2.29 | AY67: 3.96 | AZ67: 2.58 | BA67: 1.25 | BB67: 5.65 | BC67: 3.95 | BD67: 3.55 | BE67: 2.66 | BF67: 2.29 | BG67: 3.96 | BH67: 2.58 | BI67: 1.25 | BL67: 3D Walk | BM67: Ground Truth | BN67: 6.46 | BO67: 3.71 | BP67: 4.43 | BQ67: 2.7 | BR67: 1.8 | BS67: 5.15 | BT67: 3.09 | BU67: 2.33 | BV67: 6.46 | BW67: 3.71 | BX67: 4.43 | BY67: 2.7 | BZ67: 1.8 | CA67: 5.15 | CB67: 3.09 | CC67: 2.33 | CF67: 3D Walk | CG67: Ground Truth | CH67: 5.41 | CI67: 5.96 | CJ67: 2.43 | CK67: 3.89 | CL67: 4.78 | CM67: 1.38 | CN67: 4.01 | CO67: 2.48 | CP67: 5.41 | CQ67: 5.96 | CR67: 2.43 | CS67: 3.89 | CT67: 4.78 | CU67: 1.38 | CV67: 4.01 | CW67: 2.48 | CZ67: 3D Walk | DA67: Ground Truth | DB67: 6.14 | DC67: 5.42 | DD67: 2.41 | DE67: 2.64 | DF67: 3.8 | DG67: 2.75 | DH67: 3.89 | DI67: 2.18 | DJ67: 6.14 | DK67: 5.42 | DL67: 2.41 | DM67: 2.64 | DN67: 3.8 | DO67: 2.75 | DP67: 3.89 | DQ67: 2.18 | DT67: 3D Walk | DU67: Ground Truth | DV67: 5.65 | DW67: 3.95 | DX67: 3.55 | DY67: 2.66 | DZ67: 2.29 | EA67: 3.96 | EB67: 2.58 | EC67: 1.25 | ED67: 5.65 | EE67: 3.95 | EF67: 3.55 | EG67: 2.66 | EH67: 2.29 | EI67: 3.96 | EJ67: 2.58 | EK67: 1.25 | EN67: 3D Walk | EO67: Ground Truth | EP67: 6.46 | EQ67: 3.71 | ER67: 4.43 | ES67: 2.7 | ET67: 1.8 | EU67: 5.15 | EV67: 3.09 | EW67: 2.33 | EX67: 6.46 | EY67: 3.71 | EZ67: 4.43 | FA67: 2.7 | FB67: 1.8 | FC67: 5.15 | FD67: 3.09 | FE67: 2.33
E68: Error [m] | F68: -0.056984127 | G68: 0.10809524 | H68: -0.030806452 | I68: 0.096451613 | J68: 0.12741935 | K68: 0.12166667 | L68: -0.041587302 | N68: -0.058297872 | O68: 0.10765957 | P68: -0.033913043 | Q68: 0.097391304 | R68: 0.12488889 | S68: 0.12387755 | T68: -0.033404255 | Y68: Error [m] | Z68: -0.11668605 | AA68: 0.1510625 | AB68: 0.15751412 | AC68: 0.11740331 | AD68: 0.014514286 | AE68: -0.35168539 | AF68: -0.033212121 | AG68: -0.3984058 | AH68: -0.1 | AI68: 0.18727273 | AJ68: 0.15578947 | AK68: 0.11918919 | AL68: 0.0014285714 | AM68: -0.34289474 | AN68: -0.027352941 | AO68: -0.33862069 | AS68: Error [m] | AT68: -0.52004608 | AU68: 0.077612613 | AV68: 0.23274775 | AW68: 0.20171171 | AX68: 0.065131579 | AY68: 0.053454545 | AZ68: 0.077035398 | BA68: -0.062807018 | BB68: -0.50886364 | BC68: 0.074897959 | BD68: 0.23434783 | BE68: 0.20212766 | BF68: 0.065306122 | BG68: 0.044545455 | BH68: 0.074791667 | BI68: -0.047567568 | BM68: Error [m] | BN68: -0.44583732 | BO68: -0.0375 | BP68: -0.18718894 | BQ68: 0.032019231 | BR68: -0.1332287 | BS68: -0.12019324 | BT68: -0.091748879 | BU68: -0.049352941 | BV68: -0.40560976 | BW68: -0.0475 | BX68: -0.18928571 | BY68: 0.0315 | BZ68: -0.13214286 | CA68: -0.1265 | CB68: -0.092857143 | CC68: 0.0031428571 | CG68: Error [m] | CH68: -0.2776087 | CI68: 5.0518182 | CJ68: 1.0469565 | CK68: -3.284902 | CL68: 4.05825 | CM68: 1.2328 | CN68: -0.71133333 | CO68: 1.7175439 | CP68: -0.31152174 | CQ68: 5.0496364 | CR68: 1.0795122 | CS68: -3.2239623 | CT68: 4.0634146 | CU68: 1.2331373 | CV68: -0.71133333 | CW68: 1.7135088 | DA68: Error [m] | DB68: 4.9647368 | DC68: 5.2811111 | DD68: 2.0186957 | DE68: 1.738 | DF68: 3.4603774 | DG68: 2.3729787 | DH68: 3.1516 | DI68: 1.5057895 | DJ68: 4.97 | DK68: 5.2793182 | DL68: 2.02 | DM68: 1.738 | DN68: 3.4584 | DO68: 2.4002128 | DP68: 3.1468 | DQ68: 1.5117544 | DU68: Error [m] | DV68: -1.9028205 | DW68: 1.0154 | DX68: 2.2085714 | DY68: 1.0881818 | DZ68: 1.7201818 | EA68: 3.11 | EB68: 2.2686047 | EC68: 0.92921053 | ED68: -1.853 | EE68: 1.0031373 | EF68: 2.2043902 | EG68: 1.0873333 | EH68: 1.7244643 | EI68: 3.11 | EJ68: 2.2677778 | EK68: 0.92853659 | EO68: Error [m] | EP68: -0.24703704 | EQ68: 3.0674074 | ER68: 3.6127273 | ES68: 0.44351351 | ET68: 1.6273333 | EU68: 2.2492857 | EV68: 2.6541667 | EW68: 1.8653846 | EX68: -0.07625 | EY68: 3.09 | EZ68: 3.58 | FA68: 0.78133333 | FB68: 1.6264706 | FC68: 2.250625 | FD68: 2.61 | FE68: 1.9223529
E69: Error [%] | F69: -1.042332 | G69: 1.8471804 | H69: -1.2518844 | I69: 2.542517 | J69: 2.7386813 | K69: 9.6688742 | L69: -1.0264447 | N69: -1.0661064 | O69: 1.8395986 | P69: -1.3763896 | Q69: 2.5679239 | R69: 2.6828337 | S69: 9.8619009 | T69: -0.82614186 | Y69: Error [%] | Z69: -1.8649816 | AA69: 2.8670391 | AB69: 6.9929018 | AC69: 4.654066 | AD69: 0.38341938 | AE69: -11.338526 | AF69: -0.84655431 | AG69: -15.451633 | AH69: -1.6025641 | AI69: 3.5788742 | AJ69: 6.9110437 | AK69: 4.7282084 | AL69: 0.037608123 | AM69: -11.086531 | AN69: -0.69825062 | AO69: -13.444688 | AS69: Error [%] | AT69: -8.4285608 | AU69: 2.0042574 | AV69: 7.0162812 | AW69: 8.2053725 | AX69: 2.9274351 | AY69: 1.3683329 | AZ69: 3.0777662 | BA69: -4.7841775 | BB69: -8.2622975 | BC69: 1.9327997 | BD69: 7.0679255 | BE69: 8.2236842 | BF69: 2.9355105 | BG69: 1.1376828 | BH69: 2.985447 | BI69: -3.6659029 | BM69: Error [%] | BN69: -6.4559488 | BO69: -1.0006671 | BP69: -4.0541754 | BQ69: 1.2001297 | BR69: -6.8915126 | BS69: -2.280623 | BT69: -2.883599 | BU69: -2.0742169 | BV69: -5.9078475 | BW69: -1.2641384 | BX69: -4.0977269 | BY69: 1.1804384 | BZ69: -6.8391867 | CA69: -2.3974225 | CB69: -2.9174147 | CC69: 0.13506876 | CG69: Error [%] | CH69: -4.8809387 | CI69: 556.25626 | CJ69: 75.699466 | CK69: -45.783231 | CL69: 562.27918 | CM69: 837.5 | CN69: -15.066365 | CO69: 225.26461 | CP69: -5.4447357 | CQ69: 554.68344 | CR69: 79.934983 | CS69: -45.318799 | CT69: 567.05242 | CU69: 839.65287 | CV69: -15.066365 | CW69: 223.5523 | DA69: Error [%] | DB69: 422.43618 | DC69: 3802.4 | DD69: 515.88889 | DE69: 192.68293 | DF69: 1018.8889 | DG69: 629.40181 | DH69: 426.81473 | DI69: 223.34114 | DJ69: 424.78632 | DK69: 3752.6656 | DL69: 517.94872 | DM69: 192.68293 | DN69: 1012.4122 | DO69: 686.19221 | DP69: 423.41227 | DQ69: 226.22736 | DU69: Error [%] | DV69: -25.193509 | DW69: 34.600968 | DX69: 164.64324 | DY69: 69.230769 | DZ69: 301.88258 | EA69: 365.88235 | EB69: 728.52875 | EC69: 289.66366 | ED69: -24.696788 | EE69: 34.040854 | EF69: 163.82092 | EG69: 69.139466 | EH69: 304.9258 | EI69: 365.88235 | EJ69: 726.33452 | EK69: 288.84674 | EO69: Error [%] | EP69: -3.6832514 | EQ69: 477.3487 | ER69: 442.04672 | ES69: 19.655049 | ET69: 942.47104 | EU69: 77.542477 | EV69: 608.98662 | EW69: 401.49007 | EX69: -1.166571 | EY69: 498.3871 | EZ69: 421.17647 | FA69: 40.722724 | FB69: 937.28814 | FC69: 77.624488 | FD69: 543.75 | FE69: 471.57287
D70: 3D Model | E70: Ground Truth | F70: 5.45 | G70: 6.03 | H70: 2.45 | I70: 3.92 | J70: 4.83 | K70: 1.4 | L70: 3.97 | N70: 5.45 | O70: 6.03 | P70: 2.45 | Q70: 3.92 | R70: 4.83 | S70: 1.4 | T70: 3.97 | X70: 3D Model | Y70: Ground Truth | Z70: 6.14 | AA70: 5.46 | AB70: 2.44 | AC70: 2.67 | AD70: 3.85 | AE70: 2.75 | AF70: 3.83 | AG70: 2.18 | AH70: 6.14 | AI70: 5.46 | AJ70: 2.44 | AK70: 2.67 | AL70: 3.85 | AM70: 2.75 | AN70: 3.83 | AO70: 2.18 | AR70: 3D Model | AS70: Ground Truth | AT70: 5.64 | AU70: 4.01 | AV70: 3.57 | AW70: 2.7 | AX70: 2.35 | AY70: 3.98 | AZ70: 2.53 | BA70: 1.25 | BB70: 5.64 | BC70: 4.01 | BD70: 3.57 | BE70: 2.7 | BF70: 2.35 | BG70: 3.98 | BH70: 2.53 | BI70: 1.25 | BL70: 3D Model | BM70: Ground Truth | BN70: 6.44 | BO70: 3.76 | BP70: 4.45 | BQ70: 2.71 | BR70: 1.81 | BS70: 5.21 | BT70: 3.06 | BU70: 2.33 | BV70: 6.44 | BW70: 3.76 | BX70: 4.45 | BY70: 2.71 | BZ70: 1.81 | CA70: 5.21 | CB70: 3.06 | CC70: 2.33 | CF70: 3D Model | CG70: Ground Truth | CH70: 5.45 | CI70: 6.03 | CJ70: 2.45 | CK70: 3.92 | CL70: 4.83 | CM70: 1.4 | CN70: 3.97 | CO70: 2.49 | CP70: 5.45 | CQ70: 6.03 | CR70: 2.45 | CS70: 3.92 | CT70: 4.83 | CU70: 1.4 | CV70: 3.97 | CW70: 2.49 | CZ70: 3D Model | DA70: Ground Truth | DB70: 6.14 | DC70: 5.46 | DD70: 2.44 | DE70: 2.67 | DF70: 3.85 | DG70: 2.75 | DH70: 3.83 | DI70: 2.18 | DJ70: 6.14 | DK70: 5.46 | DL70: 2.44 | DM70: 2.67 | DN70: 3.85 | DO70: 2.75 | DP70: 3.83 | DQ70: 2.18 | DT70: 3D Model | DU70: Ground Truth | DV70: 5.64 | DW70: 4.01 | DX70: 3.57 | DY70: 2.7 | DZ70: 2.35 | EA70: 3.98 | EB70: 2.53 | EC70: 1.25 | ED70: 5.64 | EE70: 4.01 | EF70: 3.57 | EG70: 2.7 | EH70: 2.35 | EI70: 3.98 | EJ70: 2.53 | EK70: 1.25 | EN70: 3D Model | EO70: Ground Truth | EP70: 6.44 | EQ70: 3.76 | ER70: 4.45 | ES70: 2.71 | ET70: 1.81 | EU70: 5.21 | EV70: 3.06 | EW70: 2.33 | EX70: 6.44 | EY70: 3.76 | EZ70: 4.45 | FA70: 2.71 | FB70: 1.81 | FC70: 5.21 | FD70: 3.06 | FE70: 2.33
E71: Error [m] | F71: -0.016984127 | G71: 0.17809524 | H71: -0.010806452 | I71: 0.12645161 | J71: 0.17741935 | K71: 0.14166667 | L71: -0.081587302 | N71: -0.018297872 | O71: 0.17765957 | P71: -0.013913043 | Q71: 0.1273913 | R71: 0.17488889 | S71: 0.14387755 | T71: -0.073404255 | Y71: Error [m] | Z71: -0.11668605 | AA71: 0.1910625 | AB71: 0.18751412 | AC71: 0.14740331 | AD71: 0.064514286 | AE71: -0.35168539 | AF71: -0.093212121 | AG71: -0.3984058 | AH71: -0.1 | AI71: 0.22727273 | AJ71: 0.18578947 | AK71: 0.14918919 | AL71: 0.051428571 | AM71: -0.34289474 | AN71: -0.087352941 | AO71: -0.33862069 | AS71: Error [m] | AT71: -0.53004608 | AU71: 0.13761261 | AV71: 0.25274775 | AW71: 0.24171171 | AX71: 0.12513158 | AY71: 0.073454545 | AZ71: 0.027035398 | BA71: -0.062807018 | BB71: -0.51886364 | BC71: 0.13489796 | BD71: 0.25434783 | BE71: 0.24212766 | BF71: 0.12530612 | BG71: 0.064545455 | BH71: 0.024791667 | BI71: -0.047567568 | BM71: Error [m] | BN71: -0.46583732 | BO71: 0.0125 | BP71: -0.16718894 | BQ71: 0.042019231 | BR71: -0.1232287 | BS71: -0.060193237 | BT71: -0.12174888 | BU71: -0.049352941 | BV71: -0.42560976 | BW71: 0.0025 | BX71: -0.16928571 | BY71: 0.0415 | BZ71: -0.12214286 | CA71: -0.0665 | CB71: -0.12285714 | CC71: 0.0031428571 | CG71: Error [m] | CH71: -0.2376087 | CI71: 5.1218182 | CJ71: 1.0669565 | CK71: -3.254902 | CL71: 4.10825 | CM71: 1.2528 | CN71: -0.75133333 | CO71: 1.7275439 | CP71: -0.27152174 | CQ71: 5.1196364 | CR71: 1.0995122 | CS71: -3.1939623 | CT71: 4.1134146 | CU71: 1.2531373 | CV71: -0.75133333 | CW71: 1.7235088 | DA71: Error [m] | DB71: 4.9647368 | DC71: 5.3211111 | DD71: 2.0486957 | DE71: 1.768 | DF71: 3.5103774 | DG71: 2.3729787 | DH71: 3.0916 | DI71: 1.5057895 | DJ71: 4.97 | DK71: 5.3193182 | DL71: 2.05 | DM71: 1.768 | DN71: 3.5084 | DO71: 2.4002128 | DP71: 3.0868 | DQ71: 1.5117544 | DU71: Error [m] | DV71: -1.9128205 | DW71: 1.0754 | DX71: 2.2285714 | DY71: 1.1281818 | DZ71: 1.7801818 | EA71: 3.13 | EB71: 2.2186047 | EC71: 0.92921053 | ED71: -1.863 | EE71: 1.0631373 | EF71: 2.2243902 | EG71: 1.1273333 | EH71: 1.7844643 | EI71: 3.13 | EJ71: 2.2177778 | EK71: 0.92853659 | EO71: Error [m] | EP71: -0.26703704 | EQ71: 3.1174074 | ER71: 3.6327273 | ES71: 0.45351351 | ET71: 1.6373333 | EU71: 2.3092857 | EV71: 2.6241667 | EW71: 1.8653846 | EX71: -0.09625 | EY71: 3.14 | EZ71: 3.6 | FA71: 0.79133333 | FB71: 1.6364706 | FC71: 2.310625 | FD71: 2.58 | FE71: 1.9223529
E72: Error [%] | F72: -0.31066721 | G72: 3.0433721 | H72: -0.43914269 | I72: 3.3333333 | J72: 3.8133537 | K72: 11.258278 | L72: -2.013712 | N72: -0.33461733 | O72: 3.0357013 | P72: -0.56467267 | Q72: 3.3589361 | R72: 3.7569219 | S72: 11.454102 | T72: -1.8154073 | Y72: Error [%] | Z72: -1.8649816 | AA72: 3.6262055 | AB72: 8.3247636 | AC72: 5.8433168 | AD72: 1.7042538 | AE72: -11.338526 | AF72: -2.3759134 | AG72: -15.451633 | AH72: -1.6025641 | AI72: 4.343294 | AJ72: 8.2418865 | AK72: 5.9183017 | AL72: 1.3538924 | AM72: -11.086531 | AN72: -2.2298971 | AO72: -13.444688 | AS72: Error [%] | AT72: -8.5906341 | AU72: 3.5536892 | AV72: 7.6191899 | AW72: 9.832521 | AX72: 5.6242238 | AY72: 1.8802941 | AZ72: 1.0801351 | BA72: -4.7841775 | BB72: -8.4246651 | BC72: 3.481146 | BD72: 7.6711251 | BE72: 9.851108 | BF72: 5.6325108 | BG72: 1.6484792 | BH72: 0.98960499 | BI72: -3.6659029 | BM72: Error [%] | BN72: -6.7455589 | BO72: 0.3335557 | BP72: -3.6210114 | BQ72: 1.574945 | BR72: -6.3742432 | BS72: -1.1421448 | BT72: -3.8264767 | BU72: -2.0742169 | BV72: -6.1991545 | BW72: 0.066533599 | BX72: -3.6647595 | BY72: 1.5551808 | BZ72: -6.3216266 | CA72: -1.2603051 | CB72: -3.8599641 | CC72: 0.13506876 | CG72: Error [%] | CH72: -4.1776555 | CI72: 563.96396 | CJ72: 77.145552 | CK72: -45.365107 | CL72: 569.20679 | CM72: 851.08696 | CN72: -15.913584 | CO72: 226.57616 | CP72: -4.745621 | CQ72: 562.37268 | CR72: 81.415929 | CS72: -44.897093 | CT72: 574.02995 | CU72: 853.27103 | CV72: -15.913584 | CW72: 224.85695 | DA72: Error [%] | DB72: 422.43618 | DC72: 3831.2 | DD72: 523.55556 | DE72: 196.00887 | DF72: 1033.6111 | DG72: 629.40181 | DH72: 418.68906 | DI72: 223.34114 | DJ72: 424.78632 | DK72: 3781.0985 | DL72: 525.64103 | DM72: 196.00887 | DN72: 1027.0492 | DO72: 686.19221 | DP72: 415.33907 | DQ72: 226.22736 | DU72: Error [%] | DV72: -25.32591 | DW72: 36.645539 | DX72: 166.13419 | DY72: 71.775593 | DZ72: 312.41225 | EA72: 368.23529 | EB72: 712.47199 | EC72: 289.66366 | ED72: -24.830068 | EE72: 36.076918 | EF72: 165.30723 | EG72: 71.682916 | EH72: 315.53521 | EI72: 368.23529 | EJ72: 710.32028 | EK72: 288.84674 | EO72: Error [%] | EP72: -3.9814457 | EQ72: 485.12968 | ER72: 444.49388 | ES72: 20.098215 | ET72: 948.26255 | EU72: 79.610933 | EV72: 602.10325 | EW72: 401.49007 | EX72: -1.4725569 | EY72: 506.45161 | EZ72: 423.52941 | FA72: 41.243919 | FB72: 943.05085 | FC72: 79.6939 | FD72: 537.5 | FE72: 471.57287
C73: 3 | D73: Mean unfiltered value | F73: 5.270597 | G73: 5.4204478 | H73: 2.3871642 | I73: 3.5516418 | J73: 4.4780597 | K73: 1.2419403 | L73: 3.908209 | N73: 5.3438 | O73: 5.3196 | P73: 2.3802 | Q73: 3.5934 | R73: 4.5482 | S73: 1.2364 | T73: 3.9426 | W73: 3 | X73: Mean unfiltered value | Z73: 5.9933775 | AA73: 4.9435526 | AB73: 2.1827632 | AC73: 2.463 | AD73: 3.6053642 | AE73: 2.9721711 | AF73: 3.7256579 | AG73: 2.7025 | AH73: 5.9316364 | AI73: 4.8914545 | AJ73: 2.2109091 | AK73: 2.44 | AL73: 3.6046296 | AM73: 2.8534545 | AN73: 3.8178182 | AO73: 2.7130612 | AQ73: 3 | AR73: Mean unfiltered value | AT73: 5.9838537 | AU73: 3.6129064 | AV73: 3.2401961 | AW73: 2.3646829 | AX73: 2.1547317 | AY73: 3.777549 | AZ73: 2.4212195 | BA73: 1.2919171 | BB73: 6.0648 | BC73: 3.6142 | BD73: 3.1294 | BE73: 2.382 | BF73: 2.1166 | BG73: 3.7902 | BH73: 2.4694 | BI73: 1.3085417 | BK73: 3 | BL73: Mean unfiltered value | BN73: 6.5467021 | BO73: 3.5500532 | BP73: 4.4592935 | BQ73: 2.5635106 | BR73: 1.8628723 | BS73: 4.9309783 | BT73: 3.0896791 | BU73: 2.0343316 | BV73: 6.612 | BW73: 3.42525 | BX73: 4.52075 | BY73: 2.57625 | BZ73: 1.897 | CA73: 4.5602564 | CB73: 3.10825 | CC73: 2.0395 | CE73: 3 | CF73: Mean unfiltered value | CH73: 4.9679661 | CI73: 1.1187931 | CJ73: 1.130339 | CK73: 6.7386441 | CL73: 0.69423729 | CM73: 0.14338983 | CN73: 4.0194643 | CO73: 1.0684483 | CP73: 4.9161667 | CQ73: 1.1101695 | CR73: 1.1188333 | CS73: 6.7576667 | CT73: 0.69483333 | CU73: 0.14383333 | CV73: 4.067193 | CW73: 1.0701695 | CY73: 3 | CZ73: Mean unfiltered value | DB73: 1.3051163 | DC73: 0.19173077 | DD73: 0.3525 | DE73: 1.4535714 | DF73: 0.35366667 | DG73: 0.82216667 | DH73: 0.83830189 | DI73: 0.93 | DJ73: 1.3051163 | DK73: 0.19392157 | DL73: 0.3485 | DM73: 1.4778571 | DN73: 0.35083333 | DO73: 0.8995 | DP73: 0.84056604 | DQ73: 0.97583333 | DS73: 3 | DT73: Mean unfiltered value | DV73: 5.5676271 | DW73: 3.7111111 | DX73: 1.0733898 | DY73: 1.469661 | DZ73: 0.7 | EA73: 0.74162162 | EB73: 0.35271186 | EC73: 0.27762712 | ED73: 5.7493333 | EE73: 3.7974545 | EF73: 1.1273333 | EG73: 1.472 | EH73: 0.69766667 | EI73: 0.74605263 | EJ73: 0.34583333 | EK73: 0.27866667 | EM73: 3 | EN73: Mean unfiltered value | EP73: 6.9483051 | EQ73: 0.66898305 | ER73: 0.80625 | ES73: 2.9671795 | ET73: 0.24033898 | EU73: 2.5738462 | EV73: 0.42571429 | EW73: 0.60306122 | EX73: 6.418 | EY73: 0.64633333 | EZ73: 0.85 | FA73: 3.23 | FB73: 0.20166667 | FC73: 2.3767857 | FD73: 0.58 | FE73: 0.44565217
D74: Standard deviation | F74: 0.84150519 | G74: 1.2898669 | H74: 0.3050755 | I74: 0.71787122 | J74: 0.79542392 | K74: 0.12231887 | L74: 0.62866104 | N74: 0.67599967 | O74: 1.4478977 | P74: 0.33429023 | Q74: 0.68171141 | R74: 0.64891815 | S74: 0.14099305 | T74: 0.59667683 | X74: Standard deviation | Z74: 1.1050971 | AA74: 1.0021854 | AB74: 0.35022023 | AC74: 0.33313411 | AD74: 0.69379155 | AE74: 0.4916954 | AF74: 0.63669136 | AG74: 0.53355494 | AH74: 1.1185051 | AI74: 1.0101385 | AJ74: 0.26298477 | AK74: 0.41636794 | AL74: 0.70329045 | AM74: 0.65547545 | AN74: 0.45447549 | AO74: 0.47341229 | AR74: Standard deviation | AT74: 0.88759268 | AU74: 0.81532908 | AV74: 0.36241965 | AW74: 0.41264823 | AX74: 0.33269564 | AY74: 0.59993944 | AZ74: 0.38062974 | BA74: 0.12060707 | BB74: 0.60601399 | BC74: 0.76678834 | BD74: 0.56259189 | BE74: 0.26078344 | BF74: 0.41374683 | BG74: 0.49115981 | BH74: 0.22001282 | BI74: 0.11925095 | BL74: Standard deviation | BN74: 1.2402959 | BO74: 0.64843223 | BP74: 0.65699087 | BQ74: 0.42458292 | BR74: 0.2880515 | BS74: 1.0493513 | BT74: 0.42209296 | BU74: 0.71214968 | BV74: 1.0885293 | BW74: 0.98506596 | BX74: 0.56153979 | BY74: 0.27834051 | BZ74: 0.23155129 | CA74: 1.4556864 | CB74: 0.36485537 | CC74: 0.69179459 | CF74: Standard deviation | CH74: 1.1425363 | CI74: 0.62545453 | CJ74: 0.50196551 | CK74: 1.5376688 | CL74: 0.079600771 | CM74: 0.014684267 | CN74: 1.5463037 | CO74: 0.96131519 | CP74: 1.1376835 | CQ74: 0.62320792 | CR74: 0.51472352 | CS74: 1.5317858 | CT74: 0.079067306 | CU74: 0.014501916 | CV74: 1.5351184 | CW74: 0.95140127 | CZ74: Standard deviation | DB74: 0.47607099 | DC74: 0.2380669 | DD74: 0.18857912 | DE74: 0.98247397 | DF74: 0.077092297 | DG74: 0.92361083 | DH74: 0.49134677 | DI74: 0.62711775 | DJ74: 0.47607099 | DK74: 0.23986989 | DL74: 0.19027896 | DM74: 0.98406176 | DN74: 0.07662227 | DO74: 0.97581833 | DP74: 0.49111892 | DQ74: 0.67940487 | DT74: Standard deviation | DV74: 2.5512691 | DW74: 3.4922547 | DX74: 0.44595588 | DY74: 0.1906809 | DZ74: 0.51453451 | EA74: 0.19289422 | EB74: 0.092035927 | EC74: 0.075674123 | ED74: 2.5335021 | EE74: 3.4173079 | EF74: 0.41852864 | EG74: 0.18993683 | EH74: 0.51141427 | EI74: 0.18842197 | EJ74: 0.090208863 | EK74: 0.076124168 | EN74: Standard deviation | EP74: 2.0181953 | EQ74: 0.16708564 | ER74: 0.080612887 | ES74: 2.4508198 | ET74: 0.11767473 | EU74: 0.80846044 | EV74: 0.2031085 | EW74: 0.69254692 | EX74: 1.3908664 | EY74: 0.11940082 | EZ74: 0 | FA74: 2.3857179 | FB74: 0.058428494 | FC74: 0.93298313 | FD74: 0.23430749 | FE74: 0.12744397
D75: Mean filtered value | F75: 5.4695238 | G75: 5.837 | H75: 2.4568254 | I75: 3.7886667 | J75: 4.6457812 | K75: 1.2593846 | L75: 4.0633333 | N75: 5.4658333 | O75: 5.8327273 | P75: 2.457234 | Q75: 3.7895652 | R75: 4.64 | S75: 1.2597917 | T75: 4.0639583 | X75: Mean filtered value | Z75: 6.292446 | AA75: 5.3029545 | AB75: 2.2524828 | AC75: 2.5256944 | AD75: 3.7922857 | AE75: 3.1003546 | AF75: 3.9343704 | AG75: 2.5770874 | AH75: 6.2422 | AI75: 5.3123913 | AJ75: 2.2520755 | AK75: 2.5223529 | AL75: 3.7946 | AM75: 3.0891667 | AN75: 3.9476 | AO75: 2.5844737 | AR75: Mean filtered value | AT75: 6.1701538 | AU75: 3.8710383 | AV75: 3.3197927 | AW75: 2.4621875 | AX75: 2.2254872 | AY75: 3.9132642 | AZ75: 2.5035385 | BA75: 1.2804094 | BB75: 6.1741667 | BC75: 3.8548889 | BD75: 3.3035556 | BE75: 2.4628889 | BF75: 2.2165957 | BG75: 3.9004255 | BH75: 2.5006122 | BI75: 1.2844186 | BL75: Mean filtered value | BN75: 6.9208982 | BO75: 3.7283721 | BP75: 4.6110405 | BQ75: 2.685 | BR75: 1.9379191 | BS75: 5.2625455 | BT75: 3.1820339 | BU75: 2.266 | BV75: 6.9448571 | BW75: 3.7530556 | BX75: 4.6105128 | BY75: 2.6882353 | BZ75: 1.9436842 | CA75: 5.2719355 | CB75: 3.1839474 | CC75: 2.335 | CF75: Mean filtered value | CH75: 5.3972093 | CI75: 0.93754717 | CJ75: 1.4046667 | CK75: 7.124 | CL75: 0.71854167 | CM75: 0.14433962 | CN75: 4.6855556 | CO75: 0.77490566 | CP75: 5.3576744 | CQ75: 0.93148148 | CR75: 1.41 | CS75: 7.1375 | CT75: 0.71877551 | CU75: 0.14481481 | CV75: 4.7302174 | CW75: 0.78222222 | CZ75: Mean filtered value | DB75: 1.175 | DC75: 0.13428571 | DD75: 0.3875 | DE75: 0.99727273 | DF75: 0.31604651 | DG75: 0.325 | DH75: 0.74176471 | DI75: 0.72888889 | DJ75: 1.175 | DK75: 0.13541667 | DL75: 0.38744186 | DM75: 1.0281818 | DN75: 0.31522727 | DO75: 0.32590909 | DP75: 0.74411765 | DQ75: 0.73716981 | DT75: Mean filtered value | DV75: 7.1619048 | DW75: 2.9041176 | DX75: 1.34 | DY75: 1.5718182 | DZ75: 0.56254545 | EA75: 0.85 | EB75: 0.30906977 | EC75: 0.325 | ED75: 7.2472727 | EE75: 3.0109615 | EF75: 1.3427273 | EG75: 1.5726667 | EH75: 0.5625 | EI75: 0.85 | EJ75: 0.30727273 | EK75: 0.32375 | EN75: Mean filtered value | EP75: 6.8696154 | EQ75: 0.6454717 | ER75: 0.83285714 | ES75: 2.2447059 | ET75: 0.19571429 | EU75: 2.8685714 | EV75: 0.32090909 | EW75: 0.46404255 | EX75: 6.3466667 | EY75: 0.63464286 | EZ75: 0.85 | FA75: 2.5657143 | FB75: 0.176 | FC75: 2.86 | FD75: 0.56 | FE75: 0.40714286
D76: Laser | E76: Ground Truth | F76: 5.47 | G76: 5.98 | H76: 2.41 | I76: 3.91 | J76: 4.76 | K76: 1.37 | L76: 3.98 | N76: 5.47 | O76: 5.98 | P76: 2.41 | Q76: 3.91 | R76: 4.76 | S76: 1.37 | T76: 3.98 | X76: Laser | Y76: Ground Truth | Z76: 6.21 | AA76: 5.41 | AB76: 2.44 | AC76: 2.67 | AD76: 3.8 | AE76: 2.61 | AF76: 3.86 | AG76: 2.19 | AH76: 6.21 | AI76: 5.41 | AJ76: 2.44 | AK76: 2.67 | AL76: 3.8 | AM76: 2.61 | AN76: 3.86 | AO76: 2.19 | AR76: Laser | AS76: Ground Truth | AT76: 5.71 | AU76: 3.97 | AV76: 3.55 | AW76: 2.71 | AX76: 2.3 | AY76: 4.01 | AZ76: 2.54 | BA76: 1.22 | BB76: 5.71 | BC76: 3.97 | BD76: 3.55 | BE76: 2.71 | BF76: 2.3 | BG76: 4.01 | BH76: 2.54 | BI76: 1.22 | BL76: Laser | BM76: Ground Truth | BN76: 6.5 | BO76: 3.73 | BP76: 4.44 | BQ76: 2.73 | BR76: 1.77 | BS76: 5.11 | BT76: 3.05 | BU76: 2.21 | BV76: 6.5 | BW76: 3.73 | BX76: 4.44 | BY76: 2.73 | BZ76: 1.77 | CA76: 5.11 | CB76: 3.05 | CC76: 2.21 | CF76: Laser | CG76: Ground Truth | CH76: 5.47 | CI76: 5.98 | CJ76: 2.41 | CK76: 3.91 | CL76: 4.76 | CM76: 1.37 | CN76: 3.98 | CO76: 2.46 | CP76: 5.47 | CQ76: 5.98 | CR76: 2.41 | CS76: 3.91 | CT76: 4.76 | CU76: 1.37 | CV76: 3.98 | CW76: 2.46 | CZ76: Laser | DA76: Ground Truth | DB76: 6.21 | DC76: 5.41 | DD76: 2.44 | DE76: 2.67 | DF76: 3.8 | DG76: 2.61 | DH76: 3.86 | DI76: 2.19 | DJ76: 6.21 | DK76: 5.41 | DL76: 2.44 | DM76: 2.67 | DN76: 3.8 | DO76: 2.61 | DP76: 3.86 | DQ76: 2.19 | DT76: Laser | DU76: Ground Truth | DV76: 5.71 | DW76: 3.97 | DX76: 3.55 | DY76: 2.71 | DZ76: 2.3 | EA76: 4.01 | EB76: 2.54 | EC76: 1.22 | ED76: 5.71 | EE76: 3.97 | EF76: 3.55 | EG76: 2.71 | EH76: 2.3 | EI76: 4.01 | EJ76: 2.54 | EK76: 1.22 | EN76: Laser | EO76: Ground Truth | EP76: 6.5 | EQ76: 3.73 | ER76: 4.44 | ES76: 2.73 | ET76: 1.77 | EU76: 5.11 | EV76: 3.05 | EW76: 2.21 | EX76: 6.5 | EY76: 3.73 | EZ76: 4.44 | FA76: 2.73 | FB76: 1.77 | FC76: 5.11 | FD76: 3.05 | FE76: 2.21
E77: Error [m] | F77: 0.00047619048 | G77: 0.143 | H77: -0.046825397 | I77: 0.12133333 | J77: 0.11421875 | K77: 0.11061538 | L77: -0.083333333 | N77: 0.0041666667 | O77: 0.14727273 | P77: -0.047234043 | Q77: 0.12043478 | R77: 0.12 | S77: 0.11020833 | T77: -0.083958333 | Y77: Error [m] | Z77: -0.082446043 | AA77: 0.10704545 | AB77: 0.18751724 | AC77: 0.14430556 | AD77: 0.0077142857 | AE77: -0.49035461 | AF77: -0.07437037 | AG77: -0.38708738 | AH77: -0.0322 | AI77: 0.097608696 | AJ77: 0.18792453 | AK77: 0.14764706 | AL77: 0.0054 | AM77: -0.47916667 | AN77: -0.0876 | AO77: -0.39447368 | AS77: Error [m] | AT77: -0.46015385 | AU77: 0.098961749 | AV77: 0.23020725 | AW77: 0.2478125 | AX77: 0.074512821 | AY77: 0.096735751 | AZ77: 0.036461538 | BA77: -0.060409357 | BB77: -0.46416667 | BC77: 0.11511111 | BD77: 0.24644444 | BE77: 0.24711111 | BF77: 0.083404255 | BG77: 0.10957447 | BH77: 0.039387755 | BI77: -0.064418605 | BM77: Error [m] | BN77: -0.4208982 | BO77: 0.001627907 | BP77: -0.17104046 | BQ77: 0.045 | BR77: -0.16791908 | BS77: -0.15254545 | BT77: -0.1320339 | BU77: -0.056 | BV77: -0.44485714 | BW77: -0.023055556 | BX77: -0.17051282 | BY77: 0.041764706 | BZ77: -0.17368421 | CA77: -0.16193548 | CB77: -0.13394737 | CC77: -0.125 | CG77: Error [m] | CH77: 0.072790698 | CI77: 5.0424528 | CJ77: 1.0053333 | CK77: -3.214 | CL77: 4.0414583 | CM77: 1.2256604 | CN77: -0.70555556 | CO77: 1.6850943 | CP77: 0.11232558 | CQ77: 5.0485185 | CR77: 1 | CS77: -3.2275 | CT77: 4.0412245 | CU77: 1.2251852 | CV77: -0.75021739 | CW77: 1.6777778 | DA77: Error [m] | DB77: 5.035 | DC77: 5.2757143 | DD77: 2.0525 | DE77: 1.6727273 | DF77: 3.4839535 | DG77: 2.285 | DH77: 3.1182353 | DI77: 1.4611111 | DJ77: 5.035 | DK77: 5.2745833 | DL77: 2.0525581 | DM77: 1.6418182 | DN77: 3.4847727 | DO77: 2.2840909 | DP77: 3.1158824 | DQ77: 1.4528302 | DU77: Error [m] | DV77: -1.4519048 | DW77: 1.0658824 | DX77: 2.21 | DY77: 1.1381818 | DZ77: 1.7374545 | EA77: 3.16 | EB77: 2.2309302 | EC77: 0.895 | ED77: -1.5372727 | EE77: 0.95903846 | EF77: 2.2072727 | EG77: 1.1373333 | EH77: 1.7375 | EI77: 3.16 | EJ77: 2.2327273 | EK77: 0.89625 | EO77: Error [m] | EP77: -0.36961538 | EQ77: 3.0845283 | ER77: 3.6071429 | ES77: 0.48529412 | ET77: 1.5742857 | EU77: 2.2414286 | EV77: 2.7290909 | EW77: 1.7459574 | EX77: 0.15333333 | EY77: 3.0953571 | EZ77: 3.59 | FA77: 0.16428571 | FB77: 1.594 | FC77: 2.25 | FD77: 2.49 | FE77: 1.8028571
E78: Error [%] | F78: 0.0087062511 | G78: 2.4498886 | H78: -1.905931 | I78: 3.2025339 | J78: 2.4585477 | K78: 8.7832885 | L78: -2.0508614 | N78: 0.076231133 | O78: 2.5249377 | P78: -1.9222444 | Q78: 3.1780633 | R78: 2.5862069 | S78: 8.7481396 | T78: -2.0659251 | Y78: Error [%] | Z78: -1.3102384 | AA78: 2.0186003 | AB78: 8.3249135 | AC78: 5.7135001 | AD78: 0.20342048 | AE78: -15.816081 | AF78: -1.8902738 | AG78: -15.020344 | AH78: -0.51584377 | AI78: 1.8373777 | AJ78: 8.344504 | AK78: 5.8535448 | AL78: 0.14230749 | AM78: -15.511195 | AN78: -2.2190698 | AO78: -15.263211 | AS78: Error [%] | AT78: -7.457737 | AU78: 2.5564653 | AV78: 6.9343863 | AW78: 10.064729 | AX78: 3.3481577 | AY78: 2.4719964 | AZ78: 1.4564002 | BA78: -4.7179721 | BB78: -7.5178837 | BC78: 2.9861071 | BD78: 7.4599758 | BE78: 10.033384 | BF78: 3.7627184 | BG78: 2.8092952 | BH78: 1.5751245 | BI78: -5.0153902 | BM78: Error [%] | BN78: -6.0815546 | BO78: 0.043662675 | BP78: -3.7093681 | BQ78: 1.6759777 | BR78: -8.6649168 | BS78: -2.8987009 | BT78: -4.1493555 | BU78: -2.4713151 | BV78: -6.4055622 | BW78: -0.61431426 | BX78: -3.6983483 | BY78: 1.5536105 | BZ78: -8.9358245 | CA78: -3.0716515 | CB78: -4.2069593 | CC78: -5.3533191 | CG78: Error [%] | CH78: 1.3486729 | CI78: 537.83457 | CJ78: 71.570954 | CK78: -45.115104 | CL78: 562.45288 | CM78: 849.15033 | CN78: -15.058098 | CO78: 217.458 | CP78: 2.0965362 | CQ78: 541.98807 | CR78: 70.921986 | CS78: -45.218914 | CT78: 562.23737 | CU78: 846.03581 | CV78: -15.860104 | CW78: 214.48864 | DA78: Error [%] | DB78: 428.51064 | DC78: 3928.7234 | DD78: 529.67742 | DE78: 167.73017 | DF78: 1102.3547 | DG78: 703.07692 | DH78: 420.38065 | DI78: 200.45732 | DJ78: 428.51064 | DK78: 3895.0769 | DL78: 529.77191 | DM78: 159.6817 | DN78: 1105.4795 | DO78: 700.83682 | DP78: 418.73518 | DQ78: 197.08216 | DU78: Error [%] | DV78: -20.272606 | DW78: 36.702451 | DX78: 164.92537 | DY78: 72.411799 | DZ78: 308.85585 | EA78: 371.76471 | EB78: 721.82092 | EC78: 275.38462 | ED78: -21.211741 | EE78: 31.851568 | EF78: 164.38727 | EG78: 72.318779 | EH78: 308.88889 | EI78: 371.76471 | EJ78: 726.62722 | EK78: 276.83398 | EO78: Error [%] | EP78: -5.3804378 | EQ78: 477.87197 | ER78: 433.10463 | ES78: 21.619497 | ET78: 804.37956 | EU78: 78.13745 | EV78: 850.42493 | EW78: 376.24943 | EX78: 2.4159664 | EY78: 487.73213 | EZ78: 422.35294 | FA78: 6.403118 | FB78: 905.68182 | FC78: 78.671329 | FD78: 444.64286 | FE78: 442.80702
D79: 3D Walk | E79: Ground Truth | F79: 5.41 | G79: 5.96 | H79: 2.43 | I79: 3.89 | J79: 4.78 | K79: 1.38 | L79: 4.01 | N79: 5.41 | O79: 5.96 | P79: 2.43 | Q79: 3.89 | R79: 4.78 | S79: 1.38 | T79: 4.01 | X79: 3D Walk | Y79: Ground Truth | Z79: 6.14 | AA79: 5.42 | AB79: 2.41 | AC79: 2.64 | AD79: 3.8 | AE79: 2.75 | AF79: 3.89 | AG79: 2.18 | AH79: 6.14 | AI79: 5.42 | AJ79: 2.41 | AK79: 2.64 | AL79: 3.8 | AM79: 2.75 | AN79: 3.89 | AO79: 2.18 | AR79: 3D Walk | AS79: Ground Truth | AT79: 5.65 | AU79: 3.95 | AV79: 3.55 | AW79: 2.66 | AX79: 2.29 | AY79: 3.96 | AZ79: 2.58 | BA79: 1.25 | BB79: 5.65 | BC79: 3.95 | BD79: 3.55 | BE79: 2.66 | BF79: 2.29 | BG79: 3.96 | BH79: 2.58 | BI79: 1.25 | BL79: 3D Walk | BM79: Ground Truth | BN79: 6.46 | BO79: 3.71 | BP79: 4.43 | BQ79: 2.7 | BR79: 1.8 | BS79: 5.15 | BT79: 3.09 | BU79: 2.33 | BV79: 6.46 | BW79: 3.71 | BX79: 4.43 | BY79: 2.7 | BZ79: 1.8 | CA79: 5.15 | CB79: 3.09 | CC79: 2.33 | CF79: 3D Walk | CG79: Ground Truth | CH79: 5.41 | CI79: 5.96 | CJ79: 2.43 | CK79: 3.89 | CL79: 4.78 | CM79: 1.38 | CN79: 4.01 | CO79: 2.48 | CP79: 5.41 | CQ79: 5.96 | CR79: 2.43 | CS79: 3.89 | CT79: 4.78 | CU79: 1.38 | CV79: 4.01 | CW79: 2.48 | CZ79: 3D Walk | DA79: Ground Truth | DB79: 6.14 | DC79: 5.42 | DD79: 2.41 | DE79: 2.64 | DF79: 3.8 | DG79: 2.75 | DH79: 3.89 | DI79: 2.18 | DJ79: 6.14 | DK79: 5.42 | DL79: 2.41 | DM79: 2.64 | DN79: 3.8 | DO79: 2.75 | DP79: 3.89 | DQ79: 2.18 | DT79: 3D Walk | DU79: Ground Truth | DV79: 5.65 | DW79: 3.95 | DX79: 3.55 | DY79: 2.66 | DZ79: 2.29 | EA79: 3.96 | EB79: 2.58 | EC79: 1.25 | ED79: 5.65 | EE79: 3.95 | EF79: 3.55 | EG79: 2.66 | EH79: 2.29 | EI79: 3.96 | EJ79: 2.58 | EK79: 1.25 | EN79: 3D Walk | EO79: Ground Truth | EP79: 6.46 | EQ79: 3.71 | ER79: 4.43 | ES79: 2.7 | ET79: 1.8 | EU79: 5.15 | EV79: 3.09 | EW79: 2.33 | EX79: 6.46 | EY79: 3.71 | EZ79: 4.43 | FA79: 2.7 | FB79: 1.8 | FC79: 5.15 | FD79: 3.09 | FE79: 2.33
E80: Error [m] | F80: -0.05952381 | G80: 0.123 | H80: -0.026825397 | I80: 0.10133333 | J80: 0.13421875 | K80: 0.12061538 | L80: -0.053333333 | N80: -0.055833333 | O80: 0.12727273 | P80: -0.027234043 | Q80: 0.10043478 | R80: 0.14 | S80: 0.12020833 | T80: -0.053958333 | Y80: Error [m] | Z80: -0.15244604 | AA80: 0.11704545 | AB80: 0.15751724 | AC80: 0.11430556 | AD80: 0.0077142857 | AE80: -0.35035461 | AF80: -0.04437037 | AG80: -0.39708738 | AH80: -0.1022 | AI80: 0.1076087 | AJ80: 0.15792453 | AK80: 0.11764706 | AL80: 0.0054 | AM80: -0.33916667 | AN80: -0.0576 | AO80: -0.40447368 | AS80: Error [m] | AT80: -0.52015385 | AU80: 0.078961749 | AV80: 0.23020725 | AW80: 0.1978125 | AX80: 0.064512821 | AY80: 0.046735751 | AZ80: 0.076461538 | BA80: -0.030409357 | BB80: -0.52416667 | BC80: 0.095111111 | BD80: 0.24644444 | BE80: 0.19711111 | BF80: 0.073404255 | BG80: 0.059574468 | BH80: 0.079387755 | BI80: -0.034418605 | BM80: Error [m] | BN80: -0.4608982 | BO80: -0.018372093 | BP80: -0.18104046 | BQ80: 0.015 | BR80: -0.13791908 | BS80: -0.11254545 | BT80: -0.092033898 | BU80: 0.064 | BV80: -0.48485714 | BW80: -0.043055556 | BX80: -0.18051282 | BY80: 0.011764706 | BZ80: -0.14368421 | CA80: -0.12193548 | CB80: -0.093947368 | CC80: -0.005 | CG80: Error [m] | CH80: 0.012790698 | CI80: 5.0224528 | CJ80: 1.0253333 | CK80: -3.234 | CL80: 4.0614583 | CM80: 1.2356604 | CN80: -0.67555556 | CO80: 1.7050943 | CP80: 0.052325581 | CQ80: 5.0285185 | CR80: 1.02 | CS80: -3.2475 | CT80: 4.0612245 | CU80: 1.2351852 | CV80: -0.72021739 | CW80: 1.6977778 | DA80: Error [m] | DB80: 4.965 | DC80: 5.2857143 | DD80: 2.0225 | DE80: 1.6427273 | DF80: 3.4839535 | DG80: 2.425 | DH80: 3.1482353 | DI80: 1.4511111 | DJ80: 4.965 | DK80: 5.2845833 | DL80: 2.0225581 | DM80: 1.6118182 | DN80: 3.4847727 | DO80: 2.4240909 | DP80: 3.1458824 | DQ80: 1.4428302 | DU80: Error [m] | DV80: -1.5119048 | DW80: 1.0458824 | DX80: 2.21 | DY80: 1.0881818 | DZ80: 1.7274545 | EA80: 3.11 | EB80: 2.2709302 | EC80: 0.925 | ED80: -1.5972727 | EE80: 0.93903846 | EF80: 2.2072727 | EG80: 1.0873333 | EH80: 1.7275 | EI80: 3.11 | EJ80: 2.2727273 | EK80: 0.92625 | EO80: Error [m] | EP80: -0.40961538 | EQ80: 3.0645283 | ER80: 3.5971429 | ES80: 0.45529412 | ET80: 1.6042857 | EU80: 2.2814286 | EV80: 2.7690909 | EW80: 1.8659574 | EX80: 0.11333333 | EY80: 3.0753571 | EZ80: 3.58 | FA80: 0.13428571 | FB80: 1.624 | FC80: 2.29 | FD80: 2.53 | FE80: 1.9228571
E81: Error [%] | F81: -1.0882814 | G81: 2.1072469 | H81: -1.0918723 | I81: 2.6746437 | J81: 2.8890458 | K81: 9.5773271 | L81: -1.3125513 | N81: -1.0214972 | O81: 2.1820449 | P81: -1.1083211 | Q81: 2.6502983 | R81: 3.0172414 | S81: 9.5419216 | T81: -1.3277285 | Y81: Error [%] | Z81: -2.4226834 | AA81: 2.2071744 | AB81: 6.9930498 | AC81: 4.525708 | AD81: 0.20342048 | AE81: -11.300469 | AF81: -1.1277629 | AG81: -15.408379 | AH81: -1.6372433 | AI81: 2.0256169 | AJ81: 7.0123995 | AK81: 4.6641791 | AL81: 0.14230749 | AM81: -10.979228 | AN81: -1.4591144 | AO81: -15.650137 | AS81: Error [%] | AT81: -8.4301601 | AU81: 2.039808 | AV81: 6.9343863 | AW81: 8.0340145 | AX81: 2.8988179 | AY81: 1.1942907 | AZ81: 3.0541388 | BA81: -2.3749715 | BB81: -8.4896747 | BC81: 2.4672854 | BD81: 7.4599758 | BE81: 8.0032482 | BF81: 3.3115761 | BG81: 1.5273838 | BH81: 3.1747327 | BI81: -2.6797031 | BM81: Error [%] | BN81: -6.6595143 | BO81: -0.49276447 | BP81: -3.9262389 | BQ81: 0.55865922 | BR81: -7.1168645 | BS81: -2.1386125 | BT81: -2.8922979 | BU81: 2.8243601 | BV81: -6.981528 | BW81: -1.1472134 | BX81: -3.9152439 | BY81: 0.43763676 | BZ81: -7.3923639 | CA81: -2.3129168 | CB81: -2.9506571 | CC81: -0.21413276 | CG81: Error [%] | CH81: 0.23698725 | CI81: 535.70135 | CJ81: 72.994779 | CK81: -45.395845 | CL81: 565.2363 | CM81: 856.07843 | CN81: -14.417833 | CO81: 220.03896 | CP81: 0.97664728 | CQ81: 539.84095 | CR81: 72.340426 | CS81: -45.499124 | CT81: 565.01988 | CU81: 852.94118 | CV81: -15.225884 | CW81: 217.04545 | DA81: Error [%] | DB81: 422.55319 | DC81: 3936.1702 | DD81: 521.93548 | DE81: 164.72197 | DF81: 1102.3547 | DG81: 746.15385 | DH81: 424.42506 | DI81: 199.08537 | DJ81: 422.55319 | DK81: 3902.4615 | DL81: 522.02881 | DM81: 156.76393 | DN81: 1105.4795 | DO81: 743.79358 | DP81: 422.7668 | DQ81: 195.72562 | DU81: Error [%] | DV81: -21.110372 | DW81: 36.013774 | DX81: 164.92537 | DY81: 69.230769 | DZ81: 307.07822 | EA81: 365.88235 | EB81: 734.76298 | EC81: 284.61538 | ED81: -22.039639 | EE81: 31.187328 | EF81: 164.38727 | EG81: 69.139466 | EH81: 307.11111 | EI81: 365.88235 | EJ81: 739.64497 | EK81: 286.10039 | EO81: Error [%] | EP81: -5.9627121 | EQ81: 474.77346 | ER81: 431.90395 | ES81: 20.283019 | ET81: 819.70803 | EU81: 79.531873 | EV81: 862.88952 | EW81: 402.10912 | EX81: 1.7857143 | EY81: 484.58075 | EZ81: 421.17647 | FA81: 5.233853 | FB81: 922.72727 | FC81: 80.06993 | FD81: 451.78571 | FE81: 472.2807
D82: 3D Model | E82: Ground Truth | F82: 5.45 | G82: 6.03 | H82: 2.45 | I82: 3.92 | J82: 4.83 | K82: 1.4 | L82: 3.97 | N82: 5.45 | O82: 6.03 | P82: 2.45 | Q82: 3.92 | R82: 4.83 | S82: 1.4 | T82: 3.97 | X82: 3D Model | Y82: Ground Truth | Z82: 6.14 | AA82: 5.46 | AB82: 2.44 | AC82: 2.67 | AD82: 3.85 | AE82: 2.75 | AF82: 3.83 | AG82: 2.18 | AH82: 6.14 | AI82: 5.46 | AJ82: 2.44 | AK82: 2.67 | AL82: 3.85 | AM82: 2.75 | AN82: 3.83 | AO82: 2.18 | AR82: 3D Model | AS82: Ground Truth | AT82: 5.64 | AU82: 4.01 | AV82: 3.57 | AW82: 2.7 | AX82: 2.35 | AY82: 3.98 | AZ82: 2.53 | BA82: 1.25 | BB82: 5.64 | BC82: 4.01 | BD82: 3.57 | BE82: 2.7 | BF82: 2.35 | BG82: 3.98 | BH82: 2.53 | BI82: 1.25 | BL82: 3D Model | BM82: Ground Truth | BN82: 6.44 | BO82: 3.76 | BP82: 4.45 | BQ82: 2.71 | BR82: 1.81 | BS82: 5.21 | BT82: 3.06 | BU82: 2.33 | BV82: 6.44 | BW82: 3.76 | BX82: 4.45 | BY82: 2.71 | BZ82: 1.81 | CA82: 5.21 | CB82: 3.06 | CC82: 2.33 | CF82: 3D Model | CG82: Ground Truth | CH82: 5.45 | CI82: 6.03 | CJ82: 2.45 | CK82: 3.92 | CL82: 4.83 | CM82: 1.4 | CN82: 3.97 | CO82: 2.49 | CP82: 5.45 | CQ82: 6.03 | CR82: 2.45 | CS82: 3.92 | CT82: 4.83 | CU82: 1.4 | CV82: 3.97 | CW82: 2.49 | CZ82: 3D Model | DA82: Ground Truth | DB82: 6.14 | DC82: 5.46 | DD82: 2.44 | DE82: 2.67 | DF82: 3.85 | DG82: 2.75 | DH82: 3.83 | DI82: 2.18 | DJ82: 6.14 | DK82: 5.46 | DL82: 2.44 | DM82: 2.67 | DN82: 3.85 | DO82: 2.75 | DP82: 3.83 | DQ82: 2.18 | DT82: 3D Model | DU82: Ground Truth | DV82: 5.64 | DW82: 4.01 | DX82: 3.57 | DY82: 2.7 | DZ82: 2.35 | EA82: 3.98 | EB82: 2.53 | EC82: 1.25 | ED82: 5.64 | EE82: 4.01 | EF82: 3.57 | EG82: 2.7 | EH82: 2.35 | EI82: 3.98 | EJ82: 2.53 | EK82: 1.25 | EN82: 3D Model | EO82: Ground Truth | EP82: 6.44 | EQ82: 3.76 | ER82: 4.45 | ES82: 2.71 | ET82: 1.81 | EU82: 5.21 | EV82: 3.06 | EW82: 2.33 | EX82: 6.44 | EY82: 3.76 | EZ82: 4.45 | FA82: 2.71 | FB82: 1.81 | FC82: 5.21 | FD82: 3.06 | FE82: 2.33
E83: Error [m] | F83: -0.01952381 | G83: 0.193 | H83: -0.0068253968 | I83: 0.13133333 | J83: 0.18421875 | K83: 0.14061538 | L83: -0.093333333 | N83: -0.015833333 | O83: 0.19727273 | P83: -0.0072340426 | Q83: 0.13043478 | R83: 0.19 | S83: 0.14020833 | T83: -0.093958333 | Y83: Error [m] | Z83: -0.15244604 | AA83: 0.15704545 | AB83: 0.18751724 | AC83: 0.14430556 | AD83: 0.057714286 | AE83: -0.35035461 | AF83: -0.10437037 | AG83: -0.39708738 | AH83: -0.1022 | AI83: 0.1476087 | AJ83: 0.18792453 | AK83: 0.14764706 | AL83: 0.0554 | AM83: -0.33916667 | AN83: -0.1176 | AO83: -0.40447368 | AS83: Error [m] | AT83: -0.53015385 | AU83: 0.13896175 | AV83: 0.25020725 | AW83: 0.2378125 | AX83: 0.12451282 | AY83: 0.066735751 | AZ83: 0.026461538 | BA83: -0.030409357 | BB83: -0.53416667 | BC83: 0.15511111 | BD83: 0.26644444 | BE83: 0.23711111 | BF83: 0.13340426 | BG83: 0.079574468 | BH83: 0.029387755 | BI83: -0.034418605 | BM83: Error [m] | BN83: -0.4808982 | BO83: 0.031627907 | BP83: -0.16104046 | BQ83: 0.025 | BR83: -0.12791908 | BS83: -0.052545455 | BT83: -0.1220339 | BU83: 0.064 | BV83: -0.50485714 | BW83: 0.0069444444 | BX83: -0.16051282 | BY83: 0.021764706 | BZ83: -0.13368421 | CA83: -0.061935484 | CB83: -0.12394737 | CC83: -0.005 | CG83: Error [m] | CH83: 0.052790698 | CI83: 5.0924528 | CJ83: 1.0453333 | CK83: -3.204 | CL83: 4.1114583 | CM83: 1.2556604 | CN83: -0.71555556 | CO83: 1.7150943 | CP83: 0.092325581 | CQ83: 5.0985185 | CR83: 1.04 | CS83: -3.2175 | CT83: 4.1112245 | CU83: 1.2551852 | CV83: -0.76021739 | CW83: 1.7077778 | DA83: Error [m] | DB83: 4.965 | DC83: 5.3257143 | DD83: 2.0525 | DE83: 1.6727273 | DF83: 3.5339535 | DG83: 2.425 | DH83: 3.0882353 | DI83: 1.4511111 | DJ83: 4.965 | DK83: 5.3245833 | DL83: 2.0525581 | DM83: 1.6418182 | DN83: 3.5347727 | DO83: 2.4240909 | DP83: 3.0858824 | DQ83: 1.4428302 | DU83: Error [m] | DV83: -1.5219048 | DW83: 1.1058824 | DX83: 2.23 | DY83: 1.1281818 | DZ83: 1.7874545 | EA83: 3.13 | EB83: 2.2209302 | EC83: 0.925 | ED83: -1.6072727 | EE83: 0.99903846 | EF83: 2.2272727 | EG83: 1.1273333 | EH83: 1.7875 | EI83: 3.13 | EJ83: 2.2227273 | EK83: 0.92625 | EO83: Error [m] | EP83: -0.42961538 | EQ83: 3.1145283 | ER83: 3.6171429 | ES83: 0.46529412 | ET83: 1.6142857 | EU83: 2.3414286 | EV83: 2.7390909 | EW83: 1.8659574 | EX83: 0.093333333 | EY83: 3.1253571 | EZ83: 3.6 | FA83: 0.14428571 | FB83: 1.634 | FC83: 2.35 | FD83: 2.5 | FE83: 1.9228571
E84: Error [%] | F84: -0.35695629 | G84: 3.3064931 | H84: -0.27781367 | I84: 3.466479 | J84: 3.9652911 | K84: 11.165404 | L84: -2.2969647 | N84: -0.2896783 | O84: 3.3821696 | P84: -0.29439778 | Q84: 3.4419458 | R84: 4.0948276 | S84: 11.129486 | T84: -2.3119906 | Y84: Error [%] | Z84: -2.4226834 | AA84: 2.9614709 | AB84: 8.3249135 | AC84: 5.7135001 | AD84: 1.5218865 | AE84: -11.300469 | AF84: -2.6527846 | AG84: -15.408379 | AH84: -1.6372433 | AI84: 2.7785735 | AJ84: 8.344504 | AK84: 5.8535448 | AL84: 1.4599694 | AM84: -10.979228 | AN84: -2.9790252 | AO84: -15.650137 | AS84: Error [%] | AT84: -8.5922306 | AU84: 3.5897798 | AV84: 7.5368336 | AW84: 9.6585861 | AX84: 5.5948568 | AY84: 1.705373 | AZ84: 1.0569655 | BA84: -2.3749715 | BB84: -8.6516399 | BC84: 4.0237505 | BD84: 8.0653841 | BE84: 9.6273572 | BF84: 6.0184296 | BG84: 2.0401484 | BH84: 1.1752224 | BI84: -2.6797031 | BM84: Error [%] | BN84: -6.9484941 | BO84: 0.84830339 | BP84: -3.4924973 | BQ84: 0.9310987 | BR84: -6.6008471 | BS84: -0.99847982 | BT84: -3.8350911 | BU84: 2.8243601 | BV84: -7.2695108 | BW84: 0.18503442 | BX84: -3.4814526 | BY84: 0.80962801 | BZ84: -6.8778771 | CA84: -1.1748149 | CB84: -3.8928837 | CC84: -0.21413276 | CG84: Error [%] | CH84: 0.978111 | CI84: 543.16764 | CJ84: 74.418605 | CK84: -44.974733 | CL84: 572.19484 | CM84: 869.93464 | CN84: -15.27152 | CO84: 221.32944 | CP84: 1.7232399 | CQ84: 547.35586 | CR84: 73.758865 | CS84: -45.078809 | CT84: 571.97615 | CU84: 866.75192 | CV84: -16.071511 | CW84: 218.32386 | DA84: Error [%] | DB84: 422.55319 | DC84: 3965.9574 | DD84: 529.67742 | DE84: 167.73017 | DF84: 1118.1751 | DG84: 746.15385 | DH84: 416.33624 | DI84: 199.08537 | DJ84: 422.55319 | DK84: 3932 | DL84: 529.77191 | DM84: 159.6817 | DN84: 1121.341 | DO84: 743.79358 | DP84: 414.70356 | DQ84: 195.72562 | DU84: Error [%] | DV84: -21.25 | DW84: 38.079806 | DX84: 166.41791 | DY84: 71.775593 | DZ84: 317.74402 | EA84: 368.23529 | EB84: 718.5854 | EC84: 284.61538 | ED84: -22.177622 | EE84: 33.180047 | EF84: 165.87678 | EG84: 71.682916 | EH84: 317.77778 | EI84: 368.23529 | EJ84: 723.37278 | EK84: 286.10039 | EO84: Error [%] | EP84: -6.2538492 | EQ84: 482.51973 | ER84: 434.30532 | ES84: 20.728512 | ET84: 824.81752 | EU84: 81.623506 | EV84: 853.54108 | EW84: 402.10912 | EX84: 1.4705882 | EY84: 492.4592 | EZ84: 423.52941 | FA84: 5.623608 | FB84: 928.40909 | FC84: 82.167832 | FD84: 446.42857 | FE84: 472.2807
C88: Experiment 3 - Tracker 1 - UWB 1 | F88: MQTT | N88: Matter | W88: Experiment 3 - Tracker 2 - UWB 2 | Z88: MQTT | AH88: Matter | AQ88: Experiment 3 - Tracker 3 - UWB 3 | AT88: MQTT | BB88: Matter | BK88: Experiment 3 - Tracker 4 - UWB 4 | BN88: MQTT | BV88: Matter | CE88: Experiment 3 - Tracker 5 - BLE 1 | CH88: MQTT | CP88: Matter | CY88: Experiment 3 - Tracker 6 - BLE 2 | DB88: MQTT | DJ88: Matter | DS88: Experiment 3 - Tracker 7 - BLE 3 | DV88: MQTT | ED88: Matter | EM88: Experiment 3 - Tracker 8 - BLE 4 | EP88: MQTT | EX88: Matter
C89: Vol. | D89: Ground Truth Source | F89: A1 | G89: A2 | H89: A3 | I89: A4 | J89: A5 | K89: A6 | L89: A7 | M89: A8 | N89: A1 | O89: A2 | P89: A3 | Q89: A4 | R89: A5 | S89: A6 | T89: A7 | U89: A8 | W89: Vol. | X89: Ground Truth Source | Z89: A1 | AA89: A2 | AB89: A3 | AC89: A4 | AD89: A5 | AE89: A6 | AF89: A7 | AG89: A8 | AH89: A1 | AI89: A2 | AJ89: A3 | AK89: A4 | AL89: A5 | AM89: A6 | AN89: A7 | AO89: A8 | AQ89: Vol. | AR89: Ground Truth Source | AT89: A1 | AU89: A2 | AV89: A3 | AW89: A4 | AX89: A5 | AY89: A6 | AZ89: A7 | BA89: A8 | BB89: A1 | BC89: A2 | BD89: A3 | BE89: A4 | BF89: A5 | BG89: A6 | BH89: A7 | BI89: A8 | BK89: Vol. | BL89: Ground Truth Source | BN89: A1 | BO89: A2 | BP89: A3 | BQ89: A4 | BR89: A5 | BS89: A6 | BT89: A7 | BU89: A8 | BV89: A1 | BW89: A2 | BX89: A3 | BY89: A4 | BZ89: A5 | CA89: A6 | CB89: A7 | CC89: A8 | CE89: Vol. | CF89: Ground Truth Source | CH89: A1 | CI89: A2 | CJ89: A3 | CK89: A4 | CL89: A5 | CM89: A6 | CN89: A7 | CO89: A8 | CP89: A1 | CQ89: A2 | CR89: A3 | CS89: A4 | CT89: A5 | CU89: A6 | CV89: A7 | CW89: A8 | CY89: Vol. | CZ89: Ground Truth Source | DB89: A1 | DC89: A2 | DD89: A3 | DE89: A4 | DF89: A5 | DG89: A6 | DH89: A7 | DI89: A8 | DJ89: A1 | DK89: A2 | DL89: A3 | DM89: A4 | DN89: A5 | DO89: A6 | DP89: A7 | DQ89: A8 | DS89: Vol. | DT89: Ground Truth Source | DV89: A1 | DW89: A2 | DX89: A3 | DY89: A4 | DZ89: A5 | EA89: A6 | EB89: A7 | EC89: A8 | ED89: A1 | EE89: A2 | EF89: A3 | EG89: A4 | EH89: A5 | EI89: A6 | EJ89: A7 | EK89: A8 | EM89: Vol. | EN89: Ground Truth Source | EP89: A1 | EQ89: A2 | ER89: A3 | ES89: A4 | ET89: A5 | EU89: A6 | EV89: A7 | EW89: A8 | EX89: A1 | EY89: A2 | EZ89: A3 | FA89: A4 | FB89: A5 | FC89: A6 | FD89: A7 | FE89: A8
C90: 1 | D90: Mean unfiltered value | F90: 5.8142193 | G90: 2.7094408 | H90: 4.2557895 | I90: 3.4129276 | J90: 1.6192282 | K90: 5.2665132 | L90: 1.8520724 | M90: 1.6223684 | N90: 5.8297727 | O90: 2.774 | P90: 4.4015556 | Q90: 3.4922222 | R90: 1.6046667 | S90: 5.2555556 | T90: 1.9168889 | U90: 1.6362222 | W90: 1 | X90: Mean unfiltered value | Z90: 4.4906763 | AA90: 3.3140976 | AB90: 4.170396 | AC90: 3.8092233 | AD90: 2.3705854 | AE90: 4.4390777 | AF90: 0.77014493 | AG90: 0.9042029 | AH90: 4.5468889 | AI90: 3.3153333 | AJ90: 4.1690909 | AK90: 3.7751111 | AL90: 2.3948889 | AM90: 4.4457778 | AN90: 0.77088889 | AO90: 0.91111111 | AQ90: 1 | AR90: Mean unfiltered value | AT90: 2.9568657 | AV90: 5.0634328 | AW90: 5.3298507 | AX90: 4.1969841 | AY90: 4.1285075 | AZ90: 1.7749254 | BA90: 2.4084848 | BB90: 2.9586667 | BD90: 5.0606667 | BE90: 5.3064444 | BF90: 4.1669048 | BG90: 4.0953333 | BH90: 1.7671111 | BI90: 2.3827273 | BK90: 1 | BL90: Mean unfiltered value | BN90: 2.7732836 | BO90: 5.3601515 | BP90: 5.0051429 | BQ90: 5.3765672 | BS90: 3.5329851 | BT90: 2.7909091 | BU90: 3.3577778 | BV90: 2.83 | BW90: 5.385 | BX90: 5.0032258 | BY90: 5.4052 | CA90: 3.5532 | CB90: 2.7902 | CC90: 3.263617 | CE90: 1 | CF90: Mean unfiltered value | CH90: 3.2816949 | CI90: 3.6145763 | CJ90: 1.5710169 | CK90: 0.89 | CL90: 12.420678 | CM90: 3.4574576 | CN90: 1.2401818 | CO90: 1.3783051 | CP90: 3.3066 | CQ90: 3.623 | CR90: 1.5454 | CS90: 0.8892 | CT90: 12.2748 | CU90: 3.5686 | CV90: 1.2295833 | CW90: 1.3958 | CY90: 1 | CZ90: Mean unfiltered value | DB90: 2.2449153 | DC90: 1.2989831 | DD90: 0.37169492 | DE90: 1.4595455 | DF90: 1.5541379 | DG90: 1.9276 | DH90: 0.16644068 | DI90: 0.17169492 | DJ90: 2.225 | DK90: 1.0778333 | DL90: 0.371 | DM90: 1.4469565 | DN90: 1.5537288 | DO90: 1.9637255 | DP90: 0.16583333 | DQ90: 0.172 | DS90: 1 | DT90: Mean unfiltered value | DV90: 3.3307843 | DW90: 1.3012 | DX90: 1.9165517 | DY90: 3.3727119 | DZ90: 1.7361017 | EA90: 9.459661 | EB90: 0.32642857 | EC90: 1.72 | ED90: 3.7396154 | EE90: 1.2961538 | EF90: 2.0872881 | EG90: 3.4693333 | EH90: 1.6448333 | EI90: 9.6391667 | EJ90: 0.32333333 | EK90: 1.8252632 | EM90: 1 | EN90: Mean unfiltered value | EP90: 0.60033898 | EQ90: 7.4045763 | ER90: 0.45101695 | ES90: 1.7374576 | ET90: 4.71 | EU90: 3.0525424 | EV90: 0.52288136 | EW90: 1.7166 | EX90: 0.59683333 | EY90: 7.0041667 | EZ90: 0.436 | FA90: 1.7725 | FB90: 5.1965 | FC90: 3.061 | FD90: 0.51966667 | FE90: 1.7537255
D91: Standard deviation | F91: 0.74015474 | G91: 0.3678485 | H91: 0.76310828 | I91: 0.61457916 | J91: 0.17179005 | K91: 0.67248485 | L91: 0.31195792 | M91: 0.12874003 | N91: 0.63710813 | O91: 0.13302297 | P91: 0.32452328 | Q91: 0.36189556 | R91: 0.2063503 | S91: 0.64290851 | T91: 0.098518407 | U91: 0.017548522 | X91: Standard deviation | Z91: 0.72408565 | AA91: 0.36932607 | AB91: 0.64543242 | AC91: 0.7725053 | AD91: 0.5048068 | AE91: 0.84601959 | AF91: 0.037124653 | AG91: 0.077273699 | AH91: 0.47996214 | AI91: 0.3526194 | AJ91: 0.57476406 | AK91: 0.88990792 | AL91: 0.41493037 | AM91: 0.76543521 | AN91: 0.026316216 | AO91: 0.017025761 | AR91: Standard deviation | AT91: 0.23214258 | AV91: 0.91305221 | AW91: 1.0941247 | AX91: 0.39609857 | AY91: 0.71093853 | AZ91: 0.17613066 | BA91: 0.25341452 | BB91: 0.25238947 | BD91: 0.89864688 | BE91: 1.1731556 | BF91: 0.48052297 | BG91: 0.79991277 | BH91: 0.21393272 | BI91: 0.30689326 | BL91: Standard deviation | BN91: 0.47344841 | BO91: 0.76468154 | BP91: 0.19679389 | BQ91: 1.6966583 | BS91: 0.64230233 | BT91: 0.59300909 | BU91: 0.46403833 | BV91: 0.31242279 | BW91: 0.60944319 | BX91: 0.17680657 | BY91: 1.596514 | CA91: 0.61499411 | CB91: 0.58123142 | CC91: 0.50102629 | CF91: Standard deviation | CH91: 1.1110571 | CI91: 4.2739528 | CJ91: 0.42373919 | CK91: 0.1864567 | CL91: 4.0980524 | CM91: 2.2638662 | CN91: 0.26875126 | CO91: 0.80153275 | CP91: 1.0826313 | CQ91: 4.3149578 | CR91: 0.45663644 | CS91: 0.16365623 | CT91: 3.9396955 | CU91: 2.4408253 | CV91: 0.28051261 | CW91: 0.86851158 | CZ91: Standard deviation | DB91: 2.0219829 | DC91: 2.485226 | DD91: 0.14097905 | DE91: 1.2338649 | DF91: 0.12582191 | DG91: 0.36524271 | DH91: 0.06091847 | DI91: 0.086144391 | DJ91: 2.00866 | DK91: 1.9726464 | DL91: 0.13990116 | DM91: 1.2081874 | DN91: 0.10876656 | DO91: 0.36774864 | DP91: 0.060478417 | DQ91: 0.085299472 | DT91: Standard deviation | DV91: 5.5388878 | DW91: 0.67824078 | DX91: 0.95375221 | DY91: 1.8191634 | DZ91: 0.85469395 | EA91: 16.900067 | EB91: 0.073834481 | EC91: 1.4118048 | ED91: 6.1698155 | EE91: 0.66554822 | EF91: 1.3668668 | EG91: 2.0525812 | EH91: 0.54635914 | EI91: 16.819044 | EJ91: 0.072264945 | EK91: 1.5431252 | EN91: Standard deviation | EP91: 0.17740088 | EQ91: 3.6819258 | ER91: 0.35442336 | ES91: 0.45328404 | ET91: 5.3004685 | EU91: 0.45801559 | EV91: 0.075195809 | EW91: 0.91328771 | EX91: 0.17796527 | EY91: 3.9191246 | EZ91: 0.35680153 | FA91: 0.50625298 | FB91: 5.6926625 | FC91: 0.45880533 | FD91: 0.070709892 | FE91: 1.0201441
D92: Mean filtered value | F92: 5.9599653 | G92: 2.7900347 | H92: 4.4500356 | I92: 3.5764769 | J92: 1.6398635 | K92: 5.4065398 | L92: 1.9279225 | M92: 1.6370903 | N92: 5.965 | O92: 2.7938636 | P92: 4.4741463 | Q92: 3.585 | R92: 1.6356818 | S92: 5.3853488 | T92: 1.9286047 | U92: 1.6365714 | X92: Mean filtered value | Z92: 4.6571795 | AA92: 3.36655 | AB92: 4.3233684 | AC92: 4.0328342 | AD92: 2.5207527 | AE92: 4.4846667 | AF92: 0.76734177 | AG92: 0.91160976 | AH92: 4.6638095 | AI92: 3.3684091 | AJ92: 4.3180488 | AK92: 4.0385366 | AL92: 2.5285 | AM92: 4.4666667 | AN92: 0.76724138 | AO92: 0.91032258 | AR92: Mean filtered value | AT92: 3.0103175 | AV92: 5.3070492 | AW92: 5.6725 | AX92: 4.2683607 | AY92: 4.3129032 | AZ92: 1.7963636 | BA92: 2.4592063 | BB92: 3.0109302 | BD92: 5.2985366 | BE92: 5.68775 | BF92: 4.27425 | BG92: 4.3268293 | BH92: 1.7990909 | BI92: 2.4587805 | BL92: Mean filtered value | BN92: 2.874375 | BO92: 5.5758333 | BP92: 4.9225 | BQ92: 6.0526316 | BS92: 3.7054839 | BT92: 2.9393548 | BU92: 3.3469811 | BV92: 2.8744898 | BW92: 5.5777778 | BX92: 4.8981818 | BY92: 6.0611905 | CA92: 3.707234 | CB92: 2.9342553 | CC92: 3.3440476 | CF92: Mean filtered value | CH92: 3.8791111 | CI92: 2.1954717 | CJ92: 1.7307843 | CK92: 0.81680851 | CL92: 14.143333 | CM92: 3.1648276 | CN92: 1.17 | CO92: 1.2028571 | CP92: 3.8620513 | CQ92: 2.2026667 | CR92: 1.7366667 | CS92: 0.81780488 | CT92: 13.873429 | CU92: 3.2244898 | CV92: 1.17 | CW92: 1.1878723 | CZ92: Mean filtered value | DB92: 1.9831034 | DC92: 0.75517857 | DD92: 0.35448276 | DE92: 1.074 | DF92: 1.61 | DG92: 2.0792683 | DH92: 0.15862069 | DI92: 0.15596491 | DJ92: 1.9672881 | DK92: 0.74155172 | DL92: 0.3540678 | DM92: 1.0785714 | DN92: 1.61 | DO92: 2.1195238 | DP92: 0.15813559 | DQ92: 0.15655172 | DT92: Mean filtered value | DV92: 1.7257447 | DW92: 1.1047826 | DX92: 1.745 | DY92: 3.0457895 | DZ92: 1.5784211 | EA92: 1.5341667 | EB92: 0.332 | EC92: 1.3353846 | ED92: 1.7393617 | EE92: 1.1075 | EF92: 1.7292727 | EG92: 3.0166667 | EH92: 1.5754237 | EI92: 1.9157143 | EJ92: 0.32727273 | EK92: 1.3546154 | EN92: Mean filtered value | EP92: 0.56267857 | EQ92: 9.2397778 | ER92: 0.40637931 | ES92: 1.61 | ET92: 3.3107273 | EU92: 3.04 | EV92: 0.51 | EW92: 1.4959574 | EX92: 0.56267857 | EY92: 9.2397674 | EZ92: 0.39186441 | FA92: 1.6675439 | FB92: 3.5556364 | FC92: 3.04 | FD92: 0.50953488 | FE92: 1.4687234
D93: Laser | E93: Ground Truth | F93: 5.36 | G93: 2.94 | H93: 4.8 | I93: 3.73 | J93: 1.71 | K93: 5.06 | L93: 1.69 | M93: 1.68 | N93: 5.36 | O93: 2.94 | P93: 4.8 | Q93: 3.73 | R93: 1.71 | S93: 5.06 | T93: 1.69 | U93: 1.68 | X93: Laser | Y93: Ground Truth | Z93: 4.31 | AA93: 3.34 | AB93: 4.4 | AC93: 4.18 | AD93: 2.63 | AE93: 4.36 | AF93: 0.84 | AG93: 1.02 | AH93: 4.31 | AI93: 3.34 | AJ93: 4.4 | AK93: 4.18 | AL93: 2.63 | AM93: 4.36 | AN93: 0.84 | AO93: 1.02 | AR93: Laser | AS93: Ground Truth | AT93: 3.04 | AV93: 5.24 | AW93: 5.77 | AX93: 4.19 | AY93: 4.38 | AZ93: 1.55 | BA93: 2.41 | BB93: 3.04 | BD93: 5.24 | BE93: 5.77 | BF93: 4.19 | BG93: 4.38 | BH93: 1.55 | BI93: 2.41 | BL93: Laser | BM93: Ground Truth | BN93: 2.88 | BO93: 5.31 | BP93: 5.04 | BQ93: 6.21 | BS93: 3.65 | BT93: 2.85 | BU93: 3.06 | BV93: 2.88 | BW93: 5.31 | BX93: 5.04 | BY93: 6.21 | CA93: 3.65 | CB93: 2.85 | CC93: 3.06 | CF93: Laser | CG93: Ground Truth | CH93: 5.36 | CI93: 2.94 | CJ93: 4.8 | CK93: 3.73 | CL93: 1.71 | CM93: 5.06 | CN93: 1.69 | CO93: 1.68 | CP93: 5.36 | CQ93: 2.94 | CR93: 4.8 | CS93: 3.73 | CT93: 1.71 | CU93: 5.06 | CV93: 1.69 | CW93: 1.68 | CZ93: Laser | DA93: Ground Truth | DB93: 4.31 | DC93: 3.34 | DD93: 4.4 | DE93: 4.18 | DF93: 2.63 | DG93: 4.36 | DH93: 0.84 | DI93: 1.02 | DJ93: 4.31 | DK93: 3.34 | DL93: 4.4 | DM93: 4.18 | DN93: 2.63 | DO93: 4.36 | DP93: 0.84 | DQ93: 1.02 | DT93: Laser | DU93: Ground Truth | DV93: 3.04 | DW93: 4.01 | DX93: 5.24 | DY93: 5.77 | DZ93: 4.19 | EA93: 4.38 | EB93: 1.55 | EC93: 2.41 | ED93: 3.04 | EE93: 4.01 | EF93: 5.24 | EG93: 5.77 | EH93: 4.19 | EI93: 4.38 | EJ93: 1.55 | EK93: 2.41 | EN93: Laser | EO93: Ground Truth | EP93: 2.88 | EQ93: 5.31 | ER93: 5.04 | ES93: 6.21 | ET93: 5.29 | EU93: 3.65 | EV93: 2.85 | EW93: 3.06 | EX93: 2.88 | EY93: 5.31 | EZ93: 5.04 | FA93: 6.21 | FB93: 5.29 | FC93: 3.65 | FD93: 2.85 | FE93: 3.06
E94: Error [m] | F94: -0.59996528 | G94: 0.14996528 | H94: 0.34996441 | I94: 0.15352313 | J94: 0.070136519 | K94: -0.34653979 | L94: -0.23792254 | M94: 0.042909699 | N94: -0.605 | O94: 0.14613636 | P94: 0.32585366 | Q94: 0.145 | R94: 0.074318182 | S94: -0.32534884 | T94: -0.23860465 | U94: 0.043428571 | Y94: Error [m] | Z94: -0.34717949 | AA94: -0.02655 | AB94: 0.076631579 | AC94: 0.14716578 | AD94: 0.10924731 | AE94: -0.12466667 | AF94: 0.072658228 | AG94: 0.10839024 | AH94: -0.35380952 | AI94: -0.028409091 | AJ94: 0.08195122 | AK94: 0.14146341 | AL94: 0.1015 | AM94: -0.10666667 | AN94: 0.072758621 | AO94: 0.10967742 | AS94: Error [m] | AT94: 0.02968254 | AV94: -0.06704918 | AW94: 0.0975 | AX94: -0.078360656 | AY94: 0.067096774 | AZ94: -0.24636364 | BA94: -0.049206349 | BB94: 0.029069767 | BD94: -0.058536585 | BE94: 0.08225 | BF94: -0.08425 | BG94: 0.053170732 | BH94: -0.24909091 | BI94: -0.048780488 | BM94: Error [m] | BN94: 0.005625 | BO94: -0.26583333 | BP94: 0.1175 | BQ94: 0.15736842 | BS94: -0.055483871 | BT94: -0.089354839 | BU94: -0.28698113 | BV94: 0.0055102041 | BW94: -0.26777778 | BX94: 0.14181818 | BY94: 0.14880952 | CA94: -0.057234043 | CB94: -0.084255319 | CC94: -0.28404762 | CG94: Error [m] | CH94: 1.4808889 | CI94: 0.7445283 | CJ94: 3.0692157 | CK94: 2.9131915 | CL94: -12.433333 | CM94: 1.8951724 | CN94: 0.52 | CO94: 0.47714286 | CP94: 1.4979487 | CQ94: 0.73733333 | CR94: 3.0633333 | CS94: 2.9121951 | CT94: -12.163429 | CU94: 1.8355102 | CV94: 0.52 | CW94: 0.49212766 | DA94: Error [m] | DB94: 2.3268966 | DC94: 2.5848214 | DD94: 4.0455172 | DE94: 3.106 | DF94: 1.02 | DG94: 2.2807317 | DH94: 0.68137931 | DI94: 0.86403509 | DJ94: 2.3427119 | DK94: 2.5984483 | DL94: 4.0459322 | DM94: 3.1014286 | DN94: 1.02 | DO94: 2.2404762 | DP94: 0.68186441 | DQ94: 0.86344828 | DU94: Error [m] | DV94: 1.3142553 | DW94: 2.9052174 | DX94: 3.495 | DY94: 2.7242105 | DZ94: 2.6115789 | EA94: 2.8458333 | EB94: 1.218 | EC94: 1.0746154 | ED94: 1.3006383 | EE94: 2.9025 | EF94: 3.5107273 | EG94: 2.7533333 | EH94: 2.6145763 | EI94: 2.4642857 | EJ94: 1.2227273 | EK94: 1.0553846 | EO94: Error [m] | EP94: 2.3173214 | EQ94: -3.9297778 | ER94: 4.6336207 | ES94: 4.6 | ET94: 1.9792727 | EU94: 0.61 | EV94: 2.34 | EW94: 1.5640426 | EX94: 2.3173214 | EY94: -3.9297674 | EZ94: 4.6481356 | FA94: 4.5424561 | FB94: 1.7343636 | FC94: 0.61 | FD94: 2.3404651 | FE94: 1.5912766
E95: Error [%] | F95: -10.06659 | G95: 5.3750327 | H95: 7.8643059 | I95: 4.29258 | J95: 4.276973 | K95: -6.409641 | L95: -12.340876 | M95: 2.6210954 | N95: -10.142498 | O95: 5.2306191 | P95: 7.2830353 | Q95: 4.0446304 | R95: 4.5435598 | S95: -6.0413698 | T95: -12.37188 | U95: 2.6536313 | Y95: Error [%] | Z95: -7.4547156 | AA95: -0.78864119 | AB95: 1.7724971 | AC95: 3.6491898 | AD95: 4.3339163 | AE95: -2.7798424 | AF95: 9.4688222 | AG95: 11.889983 | AH95: -7.5862773 | AI95: -0.84339788 | AJ95: 1.8978762 | AK95: 3.5028385 | AL95: 4.0142377 | AM95: -2.3880597 | AN95: 9.4831461 | AO95: 12.048193 | AS95: Error [%] | AT95: 0.98602689 | AV95: -1.2633985 | AW95: 1.7188189 | AX95: -1.835849 | AY95: 1.5557218 | AZ95: -13.714575 | BA95: -2.0009036 | BB95: 0.96547463 | BD95: -1.1047689 | BE95: 1.4460903 | BF95: -1.971106 | BG95: 1.2288613 | BH95: -13.845376 | BI95: -1.9839302 | BM95: Error [%] | BN95: 0.19569472 | BO95: -4.7675983 | BP95: 2.3869985 | BQ95: 2.6 | BS95: -1.4973448 | BT95: -3.0399473 | BU95: -8.5743278 | BV95: 0.19169329 | BW95: -4.8007968 | BX95: 2.8953229 | BY95: 2.4551204 | CA95: -1.5438476 | CB95: -2.8714379 | CC95: -8.494126 | CG95: Error [%] | CH95: 38.175985 | CI95: 33.911997 | CJ95: 177.33092 | CK95: 356.65538 | CL95: -87.909498 | CM95: 59.882327 | CN95: 44.444444 | CO95: 39.667458 | CP95: 38.78635 | CQ95: 33.474576 | CR95: 176.39155 | CS95: 356.09902 | CT95: -87.67428 | CU95: 56.924051 | CV95: 44.444444 | CW95: 41.429339 | DA95: Error [%] | DB95: 117.33612 | DC95: 342.2795 | DD95: 1141.2451 | DE95: 289.19926 | DF95: 63.354037 | DG95: 109.68915 | DH95: 429.56522 | DI95: 553.99325 | DJ95: 119.08331 | DK95: 350.40688 | DL95: 1142.6999 | DM95: 287.54967 | DN95: 63.354037 | DO95: 105.70658 | DP95: 431.18971 | DQ95: 551.54185 | DU95: Error [%] | DV95: 76.155838 | DW95: 262.96734 | DX95: 200.28653 | DY95: 89.441852 | DZ95: 165.45515 | EA95: 185.49701 | EB95: 366.86747 | EC95: 80.47235 | ED95: 74.776758 | EE95: 262.07675 | EF95: 203.01756 | EG95: 91.270718 | EH95: 165.96019 | EI95: 128.63535 | EJ95: 373.61111 | EK95: 77.910278 | EO95: Error [%] | EP95: 411.83751 | EQ95: -42.531085 | ER95: 1140.2206 | ES95: 285.71429 | ET95: 59.783623 | EU95: 20.065789 | EV95: 458.82353 | EW95: 104.55127 | EX95: 411.83751 | EY95: -42.531021 | EZ95: 1186.1592 | FA95: 272.404 | FB95: 48.777869 | FC95: 20.065789 | FD95: 459.33364 | FE95: 108.3442
D96: 3D Walk | E96: Ground Truth | F96: 5.32 | G96: 2.95 | H96: 4.81 | I96: 3.68 | J96: 1.73 | K96: 5.06 | L96: 1.74 | M96: 1.74 | N96: 5.32 | O96: 2.95 | P96: 4.81 | Q96: 3.68 | R96: 1.73 | S96: 5.06 | T96: 1.74 | U96: 1.74 | X96: 3D Walk | Y96: Ground Truth | Z96: 4.25 | AA96: 3.34 | AB96: 4.45 | AC96: 4.15 | AD96: 2.63 | AE96: 4.25 | AF96: 0.91 | AG96: 1.07 | AH96: 4.25 | AI96: 3.34 | AJ96: 4.45 | AK96: 4.15 | AL96: 2.63 | AM96: 4.25 | AN96: 0.91 | AO96: 1.07 | AR96: 3D Walk | AS96: Ground Truth | AT96: 2.99 | AV96: 5.28 | AW96: 5.69 | AX96: 4.22 | AY96: 4.39 | AZ96: 1.62 | BA96: 2.44 | BB96: 2.99 | BD96: 5.28 | BE96: 5.69 | BF96: 4.22 | BG96: 4.39 | BH96: 1.62 | BI96: 2.44 | BL96: 3D Walk | BM96: Ground Truth | BN96: 2.84 | BO96: 5.41 | BP96: 5.1 | BQ96: 6.17 | BS96: 3.65 | BT96: 2.94 | BU96: 3.12 | BV96: 2.84 | BW96: 5.41 | BX96: 5.1 | BY96: 6.17 | CA96: 3.65 | CB96: 2.94 | CC96: 3.12 | CF96: 3D Walk | CG96: Ground Truth | CH96: 5.32 | CI96: 2.95 | CJ96: 4.81 | CK96: 3.68 | CL96: 1.73 | CM96: 5.06 | CN96: 1.74 | CO96: 1.74 | CP96: 5.32 | CQ96: 2.95 | CR96: 4.81 | CS96: 3.68 | CT96: 1.73 | CU96: 5.06 | CV96: 1.74 | CW96: 1.74 | CZ96: 3D Walk | DA96: Ground Truth | DB96: 4.25 | DC96: 3.34 | DD96: 4.45 | DE96: 4.15 | DF96: 2.63 | DG96: 4.25 | DH96: 0.91 | DI96: 1.07 | DJ96: 4.25 | DK96: 3.34 | DL96: 4.45 | DM96: 4.15 | DN96: 2.63 | DO96: 4.25 | DP96: 0.91 | DQ96: 1.07 | DT96: 3D Walk | DU96: Ground Truth | DV96: 2.99 | DW96: 4.18 | DX96: 5.28 | DY96: 5.69 | DZ96: 4.22 | EA96: 4.39 | EB96: 1.62 | EC96: 2.44 | ED96: 2.99 | EE96: 4.18 | EF96: 5.28 | EG96: 5.69 | EH96: 4.22 | EI96: 4.39 | EJ96: 1.62 | EK96: 2.44 | EN96: 3D Walk | EO96: Ground Truth | EP96: 2.84 | EQ96: 5.41 | ER96: 5.1 | ES96: 6.17 | ET96: 5.33 | EU96: 3.65 | EV96: 2.94 | EW96: 3.12 | EX96: 2.84 | EY96: 5.41 | EZ96: 5.1 | FA96: 6.17 | FB96: 5.33 | FC96: 3.65 | FD96: 2.94 | FE96: 3.12
E97: Error [m] | F97: -0.63996528 | G97: 0.15996528 | H97: 0.35996441 | I97: 0.10352313 | J97: 0.090136519 | K97: -0.34653979 | L97: -0.18792254 | M97: 0.1029097 | N97: -0.645 | O97: 0.15613636 | P97: 0.33585366 | Q97: 0.095 | R97: 0.094318182 | S97: -0.32534884 | T97: -0.18860465 | U97: 0.10342857 | Y97: Error [m] | Z97: -0.40717949 | AA97: -0.02655 | AB97: 0.12663158 | AC97: 0.11716578 | AD97: 0.10924731 | AE97: -0.23466667 | AF97: 0.14265823 | AG97: 0.15839024 | AH97: -0.41380952 | AI97: -0.028409091 | AJ97: 0.13195122 | AK97: 0.11146341 | AL97: 0.1015 | AM97: -0.21666667 | AN97: 0.14275862 | AO97: 0.15967742 | AS97: Error [m] | AT97: -0.02031746 | AV97: -0.02704918 | AW97: 0.0175 | AX97: -0.048360656 | AY97: 0.077096774 | AZ97: -0.17636364 | BA97: -0.019206349 | BB97: -0.020930233 | BD97: -0.018536585 | BE97: 0.00225 | BF97: -0.05425 | BG97: 0.063170732 | BH97: -0.17909091 | BI97: -0.018780488 | BM97: Error [m] | BN97: -0.034375 | BO97: -0.16583333 | BP97: 0.1775 | BQ97: 0.11736842 | BS97: -0.055483871 | BT97: 0.00064516129 | BU97: -0.22698113 | BV97: -0.034489796 | BW97: -0.16777778 | BX97: 0.20181818 | BY97: 0.10880952 | CA97: -0.057234043 | CB97: 0.0057446809 | CC97: -0.22404762 | CG97: Error [m] | CH97: 1.4408889 | CI97: 0.7545283 | CJ97: 3.0792157 | CK97: 2.8631915 | CL97: -12.413333 | CM97: 1.8951724 | CN97: 0.57 | CO97: 0.53714286 | CP97: 1.4579487 | CQ97: 0.74733333 | CR97: 3.0733333 | CS97: 2.8621951 | CT97: -12.143429 | CU97: 1.8355102 | CV97: 0.57 | CW97: 0.55212766 | DA97: Error [m] | DB97: 2.2668966 | DC97: 2.5848214 | DD97: 4.0955172 | DE97: 3.076 | DF97: 1.02 | DG97: 2.1707317 | DH97: 0.75137931 | DI97: 0.91403509 | DJ97: 2.2827119 | DK97: 2.5984483 | DL97: 4.0959322 | DM97: 3.0714286 | DN97: 1.02 | DO97: 2.1304762 | DP97: 0.75186441 | DQ97: 0.91344828 | DU97: Error [m] | DV97: 1.2642553 | DW97: 3.0752174 | DX97: 3.535 | DY97: 2.6442105 | DZ97: 2.6415789 | EA97: 2.8558333 | EB97: 1.288 | EC97: 1.1046154 | ED97: 1.2506383 | EE97: 3.0725 | EF97: 3.5507273 | EG97: 2.6733333 | EH97: 2.6445763 | EI97: 2.4742857 | EJ97: 1.2927273 | EK97: 1.0853846 | EO97: Error [m] | EP97: 2.2773214 | EQ97: -3.8297778 | ER97: 4.6936207 | ES97: 4.56 | ET97: 2.0192727 | EU97: 0.61 | EV97: 2.43 | EW97: 1.6240426 | EX97: 2.2773214 | EY97: -3.8297674 | EZ97: 4.7081356 | FA97: 4.5024561 | FB97: 1.7743636 | FC97: 0.61 | FD97: 2.4304651 | FE97: 1.6512766
E98: Error [%] | F98: -10.737735 | G98: 5.7334511 | H98: 8.0890232 | I98: 2.8945562 | J98: 5.4965867 | K98: -6.409641 | L98: -9.7474111 | M98: 6.2861345 | N98: -10.813076 | O98: 5.5885463 | P98: 7.5065416 | Q98: 2.6499303 | R98: 5.7662915 | S98: -6.0413698 | T98: -9.779332 | U98: 6.3198324 | Y98: Error [%] | Z98: -8.7430491 | AA98: -0.78864119 | AB98: 2.9290027 | AC98: 2.9052961 | AD98: 4.3339163 | AE98: -5.2326446 | AF98: 18.591224 | AG98: 17.374786 | AH98: -8.8727793 | AI98: -0.84339788 | AJ98: 3.0558066 | AK98: 2.7599952 | AL98: 4.0142377 | AM98: -4.8507463 | AN98: 18.606742 | AO98: 17.540751 | AS98: Error [%] | AT98: -0.6749275 | AV98: -0.509684 | AW98: 0.30850595 | AX98: -1.133003 | AY98: 1.7875841 | AZ98: -9.8178138 | BA98: -0.78099787 | BB98: -0.69514173 | BD98: -0.34984349 | BE98: 0.039558701 | BF98: -1.2692285 | BG98: 1.4599775 | BH98: -9.9545225 | BI98: -0.76381311 | BM98: Error [%] | BN98: -1.1959122 | BO98: -2.9741444 | BP98: 3.6058913 | BQ98: 1.9391304 | BS98: -1.4973448 | BT98: 0.021949078 | BU98: -6.7816675 | BV98: -1.199858 | BW98: -3.0079681 | BX98: 4.1202673 | BY98: 1.795184 | CA98: -1.5438476 | CB98: 0.19577986 | CC98: -6.6998932 | CG98: Error [%] | CH98: 37.144821 | CI98: 34.36748 | CJ98: 177.90869 | CK98: 350.53399 | CL98: -87.768089 | CM98: 59.882327 | CN98: 48.717949 | CO98: 44.655582 | CP98: 37.750631 | CQ98: 33.928571 | CR98: 176.96737 | CS98: 349.98509 | CT98: -87.530119 | CU98: 56.924051 | CV98: 48.717949 | CW98: 46.480387 | DA98: Error [%] | DB98: 114.31055 | DC98: 342.2795 | DD98: 1155.3502 | DE98: 286.40596 | DF98: 63.354037 | DG98: 104.39883 | DH98: 473.69565 | DI98: 586.05174 | DJ98: 116.03343 | DK98: 350.40688 | DL98: 1156.8214 | DM98: 284.76821 | DN98: 63.354037 | DO98: 100.51674 | DP98: 475.45552 | DQ98: 583.48018 | DU98: Error [%] | DV98: 73.258538 | DW98: 278.35498 | DX98: 202.5788 | DY98: 86.815276 | DZ98: 167.35579 | EA98: 186.14883 | EB98: 387.95181 | EC98: 82.718894 | ED98: 71.902141 | EE98: 277.42664 | EF98: 205.33067 | EG98: 88.618785 | EH98: 167.86444 | EI98: 129.15735 | EJ98: 395 | EK98: 80.124929 | EO98: Error [%] | EP98: 404.72866 | EQ98: -41.448808 | ER98: 1154.9852 | ES98: 283.22981 | ET98: 60.991817 | EU98: 20.065789 | EV98: 476.47059 | EW98: 108.56208 | EX98: 404.72866 | EY98: -41.448743 | EZ98: 1201.4706 | FA98: 270.00526 | FB98: 49.902843 | FC98: 20.065789 | FD98: 476.99681 | FE98: 112.42938
D99: 3D Model | E99: Ground Truth | F99: 5.28 | G99: 2.98 | H99: 4.83 | I99: 3.71 | J99: 1.74 | K99: 5.14 | L99: 1.7 | M99: 1.73 | N99: 5.28 | O99: 2.98 | P99: 4.83 | Q99: 3.71 | R99: 1.74 | S99: 5.14 | T99: 1.7 | U99: 1.73 | X99: 3D Model | Y99: Ground Truth | Z99: 4.24 | AA99: 3.37 | AB99: 4.49 | AC99: 4.19 | AD99: 2.66 | AE99: 4.3 | AF99: 0.87 | AG99: 1.05 | AH99: 4.24 | AI99: 3.37 | AJ99: 4.49 | AK99: 4.19 | AL99: 2.66 | AM99: 4.3 | AN99: 0.87 | AO99: 1.05 | AR99: 3D Model | AS99: Ground Truth | AT99: 2.99 | AV99: 5.3 | AW99: 5.73 | AX99: 4.24 | AY99: 4.45 | AZ99: 1.61 | BA99: 2.42 | BB99: 2.99 | BD99: 5.3 | BE99: 5.73 | BF99: 4.24 | BG99: 4.45 | BH99: 1.61 | BI99: 2.42 | BL99: 3D Model | BM99: Ground Truth | BN99: 2.88 | BO99: 5.38 | BP99: 5.1 | BQ99: 6.21 | BS99: 3.71 | BT99: 2.87 | BU99: 3.05 | BV99: 2.88 | BW99: 5.38 | BX99: 5.1 | BY99: 6.21 | CA99: 3.71 | CB99: 2.87 | CC99: 3.05 | CF99: 3D Model | CG99: Ground Truth | CH99: 5.28 | CI99: 2.98 | CJ99: 4.83 | CK99: 3.71 | CL99: 1.74 | CM99: 5.14 | CN99: 1.7 | CO99: 1.73 | CP99: 5.28 | CQ99: 2.98 | CR99: 4.83 | CS99: 3.71 | CT99: 1.74 | CU99: 5.14 | CV99: 1.7 | CW99: 1.73 | CZ99: 3D Model | DA99: Ground Truth | DB99: 4.24 | DC99: 3.37 | DD99: 4.49 | DE99: 4.19 | DF99: 2.66 | DG99: 4.3 | DH99: 0.87 | DI99: 1.05 | DJ99: 4.24 | DK99: 3.37 | DL99: 4.49 | DM99: 4.19 | DN99: 2.66 | DO99: 4.3 | DP99: 0.87 | DQ99: 1.05 | DT99: 3D Model | DU99: Ground Truth | DV99: 2.99 | DW99: 4.19 | DX99: 5.3 | DY99: 5.73 | DZ99: 4.24 | EA99: 4.45 | EB99: 1.61 | EC99: 2.42 | ED99: 2.99 | EE99: 4.19 | EF99: 5.3 | EG99: 5.73 | EH99: 4.24 | EI99: 4.45 | EJ99: 1.61 | EK99: 2.42 | EN99: 3D Model | EO99: Ground Truth | EP99: 2.88 | EQ99: 5.38 | ER99: 5.1 | ES99: 6.21 | ET99: 5.33 | EU99: 3.71 | EV99: 2.87 | EW99: 3.05 | EX99: 2.88 | EY99: 5.38 | EZ99: 5.1 | FA99: 6.21 | FB99: 5.33 | FC99: 3.71 | FD99: 2.87 | FE99: 3.05
E100: Error [m] | F100: -0.67996528 | G100: 0.18996528 | H100: 0.37996441 | I100: 0.13352313 | J100: 0.10013652 | K100: -0.26653979 | L100: -0.22792254 | M100: 0.092909699 | N100: -0.685 | O100: 0.18613636 | P100: 0.35585366 | Q100: 0.125 | R100: 0.10431818 | S100: -0.24534884 | T100: -0.22860465 | U100: 0.093428571 | Y100: Error [m] | Z100: -0.41717949 | AA100: 0.00345 | AB100: 0.16663158 | AC100: 0.15716578 | AD100: 0.13924731 | AE100: -0.18466667 | AF100: 0.10265823 | AG100: 0.13839024 | AH100: -0.42380952 | AI100: 0.0015909091 | AJ100: 0.17195122 | AK100: 0.15146341 | AL100: 0.1315 | AM100: -0.16666667 | AN100: 0.10275862 | AO100: 0.13967742 | AS100: Error [m] | AT100: -0.02031746 | AV100: -0.0070491803 | AW100: 0.0575 | AX100: -0.028360656 | AY100: 0.13709677 | AZ100: -0.18636364 | BA100: -0.039206349 | BB100: -0.020930233 | BD100: 0.0014634146 | BE100: 0.04225 | BF100: -0.03425 | BG100: 0.12317073 | BH100: -0.18909091 | BI100: -0.038780488 | BM100: Error [m] | BN100: 0.005625 | BO100: -0.19583333 | BP100: 0.1775 | BQ100: 0.15736842 | BS100: 0.004516129 | BT100: -0.069354839 | BU100: -0.29698113 | BV100: 0.0055102041 | BW100: -0.19777778 | BX100: 0.20181818 | BY100: 0.14880952 | CA100: 0.0027659574 | CB100: -0.064255319 | CC100: -0.29404762 | CG100: Error [m] | CH100: 1.4008889 | CI100: 0.7845283 | CJ100: 3.0992157 | CK100: 2.8931915 | CL100: -12.403333 | CM100: 1.9751724 | CN100: 0.53 | CO100: 0.52714286 | CP100: 1.4179487 | CQ100: 0.77733333 | CR100: 3.0933333 | CS100: 2.8921951 | CT100: -12.133429 | CU100: 1.9155102 | CV100: 0.53 | CW100: 0.54212766 | DA100: Error [m] | DB100: 2.2568966 | DC100: 2.6148214 | DD100: 4.1355172 | DE100: 3.116 | DF100: 1.05 | DG100: 2.2207317 | DH100: 0.71137931 | DI100: 0.89403509 | DJ100: 2.2727119 | DK100: 2.6284483 | DL100: 4.1359322 | DM100: 3.1114286 | DN100: 1.05 | DO100: 2.1804762 | DP100: 0.71186441 | DQ100: 0.89344828 | DU100: Error [m] | DV100: 1.2642553 | DW100: 3.0852174 | DX100: 3.555 | DY100: 2.6842105 | DZ100: 2.6615789 | EA100: 2.9158333 | EB100: 1.278 | EC100: 1.0846154 | ED100: 1.2506383 | EE100: 3.0825 | EF100: 3.5707273 | EG100: 2.7133333 | EH100: 2.6645763 | EI100: 2.5342857 | EJ100: 1.2827273 | EK100: 1.0653846 | EO100: Error [m] | EP100: 2.3173214 | EQ100: -3.8597778 | ER100: 4.6936207 | ES100: 4.6 | ET100: 2.0192727 | EU100: 0.67 | EV100: 2.36 | EW100: 1.5540426 | EX100: 2.3173214 | EY100: -3.8597674 | EZ100: 4.7081356 | FA100: 4.5424561 | FB100: 1.7743636 | FC100: 0.67 | FD100: 2.3604651 | FE100: 1.5812766
E101: Error [%] | F101: -11.40888 | G101: 6.8087066 | H101: 8.5384578 | I101: 3.7333705 | J101: 6.1063936 | K101: -4.9299516 | L101: -11.822183 | M101: 5.6752947 | N101: -11.483655 | O101: 6.6623282 | P101: 7.9535543 | Q101: 3.4867503 | R101: 6.3776574 | S101: -4.5558578 | T101: -11.85337 | U101: 5.7087989 | Y101: Error [%] | Z101: -8.9577713 | AA101: 0.1024788 | AB101: 3.8542072 | AC101: 3.8971544 | AD101: 5.524037 | AE101: -4.1177345 | AF101: 13.378423 | AG101: 15.180865 | AH101: -9.0871962 | AI101: 0.047230281 | AJ101: 3.9821509 | AK101: 3.750453 | AL101: 5.2007119 | AM101: -3.7313433 | AN101: 13.393258 | AO101: 15.343728 | AS101: Error [%] | AT101: -0.6749275 | AV101: -0.13282674 | AW101: 1.0136624 | AX101: -0.66443907 | AY101: 3.1787584 | AZ101: -10.374494 | BA101: -1.5942684 | BB101: -0.69514173 | BD101: 0.027619223 | BE101: 0.74282449 | BF101: -0.80131017 | BG101: 2.8466742 | BH101: -10.510359 | BI101: -1.5772245 | BM101: Error [%] | BN101: 0.19569472 | BO101: -3.5121805 | BP101: 3.6058913 | BQ101: 2.6 | BS101: 0.1218769 | BT101: -2.3595259 | BU101: -8.8731045 | BV101: 0.19169329 | BW101: -3.5458167 | BX101: 4.1202673 | BY101: 2.4551204 | CA101: 0.074609734 | CB101: -2.1898339 | CC101: -8.7931648 | CG101: Error [%] | CH101: 36.113657 | CI101: 35.733929 | CJ101: 179.06423 | CK101: 354.20682 | CL101: -87.697384 | CM101: 62.410111 | CN101: 45.299145 | CO101: 43.824228 | CP101: 36.714912 | CQ101: 35.290557 | CR101: 178.119 | CS101: 353.65344 | CT101: -87.458039 | CU101: 59.405063 | CV101: 45.299145 | CW101: 45.638546 | DA101: Error [%] | DB101: 113.80629 | DC101: 346.25207 | DD101: 1166.6342 | DE101: 290.13035 | DF101: 65.217391 | DG101: 106.80352 | DH101: 448.47826 | DI101: 573.22835 | DJ101: 115.52511 | DK101: 354.45245 | DL101: 1168.1187 | DM101: 288.47682 | DN101: 65.217391 | DO101: 102.87576 | DP101: 450.16077 | DQ101: 570.70485 | DU101: Error [%] | DV101: 73.258538 | DW101: 279.26013 | DX101: 203.72493 | DY101: 88.128564 | DZ101: 168.62287 | EA101: 190.05975 | EB101: 384.93976 | EC101: 81.221198 | ED101: 71.902141 | EE101: 278.32957 | EF101: 206.48723 | EG101: 89.944751 | EH101: 169.13394 | EI101: 132.28934 | EJ101: 391.94444 | EK101: 78.648495 | EO101: Error [%] | EP101: 411.83751 | EQ101: -41.773491 | ER101: 1154.9852 | ES101: 285.71429 | ET101: 60.991817 | EU101: 22.039474 | EV101: 462.7451 | EW101: 103.8828 | EX101: 411.83751 | EY101: -41.773426 | EZ101: 1201.4706 | FA101: 272.404 | FB101: 49.902843 | FC101: 22.039474 | FD101: 463.25879 | FE101: 107.66333
